/*!40101 SET @OLD_CHARACTER_SET_CLIENT=@@CHARACTER_SET_CLIENT */;
/*!40101 SET NAMES utf8 */;
/*!50503 SET NAMES utf8mb4 */;
/*!40014 SET @OLD_FOREIGN_KEY_CHECKS=@@FOREIGN_KEY_CHECKS, FOREIGN_KEY_CHECKS=0 */;
/*!40101 SET @OLD_SQL_MODE=@@SQL_MODE, SQL_MODE='NO_AUTO_VALUE_ON_ZERO' */;


-- Zrzut struktury bazy danych jezyki_2020
CREATE DATABASE IF NOT EXISTS `jezyki_2020` /*!40100 DEFAULT CHARACTER SET utf8mb4 COLLATE utf8mb4_general_ci */ /*!80016 DEFAULT ENCRYPTION='N' */;
USE `jezyki_2020`;

-- Zrzut struktury tabela jezyki_2020.jezyki
CREATE TABLE IF NOT EXISTS `jezyki` (
  `Nazwa` varchar(64) COLLATE utf8mb4_general_ci NOT NULL,
  `Rodzina` varchar(64) COLLATE utf8mb4_general_ci NOT NULL,
  PRIMARY KEY (`Nazwa`)
) ENGINE=InnoDB DEFAULT CHARSET=utf8mb4 COLLATE=utf8mb4_general_ci;

-- Zrzucanie danych dla tabeli jezyki_2020.jezyki: ~0 rows (około)
/*!40000 ALTER TABLE `jezyki` DISABLE KEYS */;
INSERT INTO `jezyki` (`Nazwa`, `Rodzina`) VALUES
	('aceh', 'austronezyjska'),
	('acholi', 'nilo-saharyjska'),
	('adhola', 'nilo-saharyjska'),
	('adi', 'sino-tybetanska'),
	('adygejski', 'abchasko-adygijska'),
	('afar', 'afroazjatycka'),
	('afrikaans', 'indoeuropejska'),
	('aimaq', 'indoeuropejska'),
	('akha', 'sino-tybetanska'),
	('aklanon', 'austronezyjska'),
	('albanski', 'indoeuropejska'),
	('altajski', 'abchasko-adygijska'),
	('alur', 'nilo-saharyjska'),
	('alzacki', 'indoeuropejska'),
	('ama', 'nilo-saharyjska'),
	('ambonski', 'austronezyjska'),
	('amharski', 'afroazjatycka'),
	('angami', 'sino-tybetanska'),
	('angielski', 'indoeuropejska'),
	('ao', 'sino-tybetanska'),
	('arabski', 'afroazjatycka'),
	('aringa', 'nilo-saharyjska'),
	('armenski', 'indoeuropejska'),
	('assamski', 'indoeuropejska'),
	('asu', 'nigero-kongijska'),
	('asyryjski', 'afroazjatycka'),
	('awarski', 'polnocno-wschodniokaukaska'),
	('azerski', 'turecka'),
	('bacama', 'afroazjatycka'),
	('bahnar', 'austroazjatycka'),
	('bai', 'sino-tybetanska'),
	('bali', 'austronezyjska'),
	('bandzarski', 'austronezyjska'),
	('bangka', 'austronezyjska'),
	('basasemawa', 'austronezyjska'),
	('baskijski', 'jezyk izolowany'),
	('baszkirski', 'turecka'),
	('bata', 'afroazjatycka'),
	('batakangkola', 'austronezyjska'),
	('batakdairi', 'austronezyjska'),
	('batakkaro', 'austronezyjska'),
	('batakmandailing', 'austronezyjska'),
	('bataksimalungun', 'austronezyjska'),
	('bataktoba', 'austronezyjska'),
	('bedawiyet', 'afroazjatycka'),
	('beja', 'afroazjatycka'),
	('beludzi', 'indoeuropejska'),
	('bemba', 'nigero-kongijska'),
	('bembe', 'nigero-kongijska'),
	('bena', 'nigero-kongijska'),
	('bengalski', 'indoeuropejska'),
	('berta', 'nilo-saharyjska'),
	('betawi', 'austronezyjska'),
	('bhili', 'indoeuropejska'),
	('bialoruski', 'indoeuropejska'),
	('bikol', 'austronezyjska'),
	('bima', 'austronezyjska'),
	('birmanski', 'sino-tybetanska'),
	('blang', 'austroazjatycka'),
	('bodo', 'sino-tybetanska'),
	('borana', 'afroazjatycka'),
	('brahui', 'drawidyjska'),
	('bretonski', 'indoeuropejska'),
	('budu', 'nigero-kongijska'),
	('bugis', 'austronezyjska'),
	('bulgarski', 'indoeuropejska'),
	('buriacki', 'mongolska'),
	('buyei', 'dajska'),
	('caolan', 'dajska'),
	('cebuano', 'austronezyjska'),
	('ch\'ol', 'majanska'),
	('chaldejski', 'afroazjatycka'),
	('cham', 'austronezyjska'),
	('chavacano', 'indoeuropejska'),
	('chidigo', 'nigero-kongijska'),
	('chiduruma', 'nigero-kongijska'),
	('chiga', 'nigero-kongijska'),
	('chin', 'sino-tybetanska'),
	('chinantec', 'otomang'),
	('chokwe', 'nigero-kongijska'),
	('coorgi', 'drawidyjska'),
	('czeczenski', 'polnocno-wschodniokaukaska'),
	('czuwaski', 'turecka'),
	('dargwa', 'polnocno-wschodniokaukaska'),
	('dari', 'indoeuropejska'),
	('daur', 'mongolska'),
	('dawida', 'nigero-kongijska'),
	('dholuo', 'nilo-saharyjska'),
	('dimasa', 'sino-tybetanska'),
	('dogri', 'indoeuropejska'),
	('domari', 'indoeuropejska'),
	('dongxiang', 'mongolska'),
	('edo', 'nigero-kongijska'),
	('ekegusii', 'nigero-kongijska'),
	('fipa', 'nigero-kongijska'),
	('francuski', 'indoeuropejska'),
	('friulski', 'indoeuropejska'),
	('fula', 'nigero-kongijska'),
	('fuliiru', 'nigero-kongijska'),
	('fumbira', 'nigero-kongijska'),
	('fur', 'nilo-saharyjska'),
	('galicyjski', 'indoeuropejska'),
	('gamo', 'afroazjatycka'),
	('ganda', 'nigero-kongijska'),
	('garo', 'sino-tybetanska'),
	('gayo', 'austronezyjska'),
	('gedeo', 'afroazjatycka'),
	('gikuyu', 'nigero-kongijska'),
	('gilaki', 'indoeuropejska'),
	('gogo', 'nigero-kongijska'),
	('gondi', 'drawidyjska'),
	('gorontalo', 'austronezyjska'),
	('grecki', 'indoeuropejska'),
	('guarani', 'tupi'),
	('gudzaracki', 'indoeuropejska'),
	('gungu', 'nigero-kongijska'),
	('gurage', 'afroazjatycka'),
	('gurani', 'indoeuropejska'),
	('gwere', 'nigero-kongijska'),
	('ha', 'nigero-kongijska'),
	('hadiyya', 'afroazjatycka'),
	('hakka', 'hmong-mien'),
	('halabi', 'indoeuropejska'),
	('hangaza', 'nigero-kongijska'),
	('hani', 'sino-tybetanska'),
	('hausa', 'afroazjatycka'),
	('haya', 'nigero-kongijska'),
	('hazaragi', 'indoeuropejska'),
	('hebrajski', 'afroazjatycka'),
	('hehe', 'nigero-kongijska'),
	('hiligaynon', 'austronezyjska'),
	('hindi', 'indoeuropejska'),
	('hiszpanski', 'indoeuropejska'),
	('hlai', 'dajska'),
	('hmong', 'hmong-mien'),
	('ho', 'austroazjatycka'),
	('hokkien', 'austronezyjska'),
	('holenderski', 'indoeuropejska'),
	('huastec', 'majanska'),
	('ibanag', 'austronezyjska'),
	('ibibio', 'nigero-kongijska'),
	('idakho', 'nigero-kongijska'),
	('igbo', 'nigero-kongijska'),
	('ijaw', 'nigero-kongijska'),
	('ilocano', 'austronezyjska'),
	('indonezyjski', 'austronezyjska'),
	('inguski', 'polnocno-wschodniokaukaska'),
	('iraqw', 'afroazjatycka'),
	('izere', 'nigero-kongijska'),
	('jambi', 'austronezyjska'),
	('japonski', 'jezyk izolowany'),
	('jarai', 'austronezyjska'),
	('jawajski', 'austronezyjska'),
	('jidysz', 'indoeuropejska'),
	('jingpo', 'sino-tybetanska'),
	('jinpgho', 'sino-tybetanska'),
	('jita', 'nigero-kongijska'),
	('kabardyjski', 'abchasko-adygijska'),
	('kabyle', 'afroazjatycka'),
	('kafa', 'afroazjatycka'),
	('kagulu', 'nigero-kongijska'),
	('kakwa', 'nilo-saharyjska'),
	('kam', 'dajska'),
	('kamba', 'nigero-kongijska'),
	('kannada', 'drawidyjska'),
	('kantonski', 'sino-tybetanska'),
	('kanuri', 'nilo-saharyjska'),
	('kanyok', 'nigero-kongijska'),
	('kapampangan', 'austronezyjska'),
	('karaczajsko-balkarski', 'turecka'),
	('karbi', 'sino-tybetanska'),
	('karen', 'sino-tybetanska'),
	('kaszmirski', 'indoeuropejska'),
	('kaszubski', 'indoeuropejska'),
	('katalonski', 'indoeuropejska'),
	('kayah', 'sino-tybetanska'),
	('kayan', 'sino-tybetanska'),
	('kazakh', 'turecka'),
	('keczua', 'keczua'),
	('kele', 'nigero-kongijska'),
	('kenye', 'nigero-kongijska'),
	('kerewe', 'nigero-kongijska'),
	('khammuang', 'dajska'),
	('khandeshi', 'indoeuropejska'),
	('kharia', 'austroazjatycka'),
	('khasi', 'austroazjatycka'),
	('khmerski', 'austroazjatycka'),
	('khun', 'dajska'),
	('kiembu', 'nigero-kongijska'),
	('kigiryama', 'nigero-kongijska'),
	('kimiiru', 'nigero-kongijska'),
	('kimmun', 'hmong-mien'),
	('kinaray-a', 'austronezyjska'),
	('kinga', 'nigero-kongijska'),
	('kinyarwanda', 'nigero-kongijska'),
	('kipsigis', 'nilo-saharyjska'),
	('kirgiski', 'turecka'),
	('kisan', 'drawidyjska'),
	('kitharaka', 'nigero-kongijska'),
	('kituba', 'nigero-kongijska'),
	('koho', 'austroazjatycka'),
	('kolami', 'drawidyjska'),
	('komering', 'austronezyjska'),
	('komi', 'uralska'),
	('konkani', 'indoeuropejska'),
	('konyak', 'sino-tybetanska'),
	('konzo', 'nigero-kongijska'),
	('koongo', 'nigero-kongijska'),
	('koreanski', 'jezyk izolowany'),
	('korku', 'austroazjatycka'),
	('koya', 'drawidyjska'),
	('kri', 'algijska'),
	('kui', 'drawidyjska'),
	('kumam', 'nilo-saharyjska'),
	('kumyk', 'turecka'),
	('kupsapiiny', 'nilo-saharyjska'),
	('kurdyjski', 'indoeuropejska'),
	('kuria', 'nigero-kongijska'),
	('kurukh', 'drawidyjska'),
	('kuvi', 'drawidyjska'),
	('kuy', 'austroazjatycka'),
	('kwaya', 'nigero-kongijska'),
	('ladakhi', 'sino-tybetanska'),
	('lahu', 'sino-tybetanska'),
	('lak', 'polnocno-wschodniokaukaska'),
	('langi', 'nigero-kongijska'),
	('lango', 'nilo-saharyjska'),
	('lao', 'dajska'),
	('laotanski', 'dajska'),
	('lega-shabunda', 'nigero-kongijska'),
	('lewotobi', 'austronezyjska'),
	('lezgi', 'polnocno-wschodniokaukaska'),
	('lingala', 'nigero-kongijska'),
	('lisu', 'sino-tybetanska'),
	('logo', 'nigero-kongijska'),
	('lotha', 'sino-tybetanska'),
	('luba-kasai', 'nigero-kongijska'),
	('luba-katanga', 'nigero-kongijska'),
	('lubukusu', 'nigero-kongijska'),
	('lugbara', 'nilo-saharyjska'),
	('luguru', 'nigero-kongijska'),
	('lukabaras', 'nigero-kongijska'),
	('lulogooli', 'nigero-kongijska'),
	('luo', 'nilo-saharyjska'),
	('luri', 'indoeuropejska'),
	('lutachoni', 'nigero-kongijska'),
	('ma\'di', 'nilo-saharyjska'),
	('maasai', 'nilo-saharyjska'),
	('macedonski', 'indoeuropejska'),
	('machame', 'nigero-kongijska'),
	('madurese', 'austronezyjska'),
	('maguindanao', 'austronezyjska'),
	('maithili', 'indoeuropejska'),
	('makassarese', 'austronezyjska'),
	('makhuwa-meetto', 'nigero-kongijska'),
	('makonde', 'nigero-kongijska'),
	('malayalam', 'drawidyjska'),
	('malto', 'drawidyjska'),
	('mambwe-lungu', 'nigero-kongijska'),
	('mandarynski', 'sino-tybetanska'),
	('mangbetu', 'nigero-kongijska'),
	('manggarai', 'austronezyjska'),
	('maonan', 'dajska'),
	('mapuche', 'jezyk izolowany'),
	('maranao', 'austronezyjska'),
	('marathi', 'indoeuropejska'),
	('markweeta', 'nilo-saharyjska'),
	('maryjski', 'uralska'),
	('masaaba', 'nigero-kongijska'),
	('masalit', 'nilo-saharyjska'),
	('masbateno', 'austronezyjska'),
	('matengo', 'nigero-kongijska'),
	('maya', 'majanska'),
	('mayogo', 'nigero-kongijska'),
	('mazahua', 'otomang'),
	('mazatec', 'otomang'),
	('mbadja', 'nigero-kongijska'),
	('meitei', 'sino-tybetanska'),
	('mien', 'hmong-mien'),
	('minangkabau', 'austronezyjska'),
	('minhasan', 'austronezyjska'),
	('minnan', 'sino-tybetanska'),
	('mishing', 'sino-tybetanska'),
	('mixe', 'jezyk izolowany'),
	('mixtec', 'otomang'),
	('mizo', 'sino-tybetanska'),
	('mochi', 'nigero-kongijska'),
	('molukanski', 'austronezyjska'),
	('mon', 'austroazjatycka'),
	('mongo-nkundu', 'nigero-kongijska'),
	('mongolski', 'mongolska'),
	('mongondow', 'austronezyjska'),
	('monguor', 'mongolska'),
	('mulam', 'dajska'),
	('muna', 'austronezyjska'),
	('munda', 'austroazjatycka'),
	('mundari', 'austroazjatycka'),
	('muong', 'austroazjatycka'),
	('musi', 'austronezyjska'),
	('mwera', 'nigero-kongijska'),
	('nahuatl', 'uto-aztecka'),
	('nande', 'nigero-kongijska'),
	('nandi', 'nilo-saharyjska'),
	('nashi', 'sino-tybetanska'),
	('navajo', 'na-dene'),
	('ndali', 'nigero-kongijska'),
	('ndebele', 'nigero-kongijska'),
	('ndendule', 'nigero-kongijska'),
	('nepalski', 'indoeuropejska'),
	('ng\'akarimojong', 'nilo-saharyjska'),
	('ngajudayak', 'austronezyjska'),
	('ngaw', 'dajska'),
	('ngbaka', 'nigero-kongijska'),
	('ngbandi', 'nigero-kongijska'),
	('ngingo', 'nigero-kongijska'),
	('ngiti', 'nigero-kongijska'),
	('ngoni', 'nigero-kongijska'),
	('ngulu', 'nigero-kongijska'),
	('nias', 'austronezyjska'),
	('niemiecki', 'indoeuropejska'),
	('nilamba', 'nigero-kongijska'),
	('nissi', 'sino-tybetanska'),
	('nobiin', 'nilo-saharyjska'),
	('nung', 'dajska'),
	('nyakyusa-ngonde', 'nigero-kongijska'),
	('nyala', 'nigero-kongijska'),
	('nyambo', 'nigero-kongijska'),
	('nyamwezi', 'nigero-kongijska'),
	('nyankore', 'nigero-kongijska'),
	('nyaturu', 'nigero-kongijska'),
	('nyiha', 'nigero-kongijska'),
	('nyole', 'nilo-saharyjska'),
	('nyoro', 'nigero-kongijska'),
	('odia', 'indoeuropejska'),
	('okcytanski', 'indoeuropejska'),
	('okinawski', 'jezyk izolowany'),
	('olukhayo', 'nigero-kongijska'),
	('olumarachi', 'nigero-kongijska'),
	('olumarama', 'nigero-kongijska'),
	('olunyole', 'nigero-kongijska'),
	('olusamia', 'nigero-kongijska'),
	('olushisa', 'nigero-kongijska'),
	('olutsotso', 'nigero-kongijska'),
	('oluwanga', 'nigero-kongijska'),
	('oromo', 'afroazjatycka'),
	('osing', 'austronezyjska'),
	('ossetic', 'indoeuropejska'),
	('otomi', 'otomang'),
	('pa\'o', 'sino-tybetanska'),
	('paktai', 'dajska'),
	('palaung', 'austroazjatycka'),
	('pangasinan', 'austronezyjska'),
	('pashai', 'indoeuropejska'),
	('paszto', 'indoeuropejska'),
	('pendzabski', 'indoeuropejska'),
	('perski', 'indoeuropejska'),
	('phende', 'nigero-kongijska'),
	('phom', 'sino-tybetanska'),
	('phuthai', 'dajska'),
	('pogolo', 'nigero-kongijska'),
	('pokoot', 'nilo-saharyjska'),
	('polski', 'indoeuropejska'),
	('portugalski', 'indoeuropejska'),
	('purepecha', 'jezyk izolowany'),
	('qiang', 'sino-tybetanska'),
	('rabha', 'sino-tybetanska'),
	('rade', 'austronezyjska'),
	('rakhine', 'sino-tybetanska'),
	('rejang', 'austronezyjska'),
	('roglai', 'austronezyjska'),
	('rohingya', 'indoeuropejska'),
	('romski', 'indoeuropejska'),
	('rosyjski', 'indoeuropejska'),
	('rumunski', 'indoeuropejska'),
	('ruund', 'nigero-kongijska'),
	('saamia', 'nigero-kongijska'),
	('sabaot', 'nilo-saharyjska'),
	('safwa', 'nigero-kongijska'),
	('sagalla', 'nigero-kongijska'),
	('salar', 'turecka'),
	('sanga', 'nigero-kongijska'),
	('santali', 'austroazjatycka'),
	('saraiki', 'indoeuropejska'),
	('sasak', 'austronezyjska'),
	('savara', 'austroazjatycka'),
	('sedang', 'austroazjatycka'),
	('sema', 'sino-tybetanska'),
	('serbsko-chorwacki', 'indoeuropejska'),
	('sesotho', 'nigero-kongijska'),
	('shambala', 'nigero-kongijska'),
	('shan', 'dajska'),
	('shi', 'nigero-kongijska'),
	('shubi', 'nigero-kongijska'),
	('sidamo', 'afroazjatycka'),
	('sindhi', 'indoeuropejska'),
	('soga', 'nigero-kongijska'),
	('somalijski', 'afroazjatycka'),
	('songe', 'nigero-kongijska'),
	('sotho', 'nigero-kongijska'),
	('suahili', 'nigero-kongijska'),
	('suazi', 'nigero-kongijska'),
	('suba', 'nigero-kongijska'),
	('sui', 'dajska'),
	('sukuma', 'nigero-kongijska'),
	('sumbwa', 'nigero-kongijska'),
	('sundanese', 'austronezyjska'),
	('surigaonon', 'austronezyjska'),
	('taabwa', 'nigero-kongijska'),
	('tabasaran', 'polnocno-wschodniokaukaska'),
	('tachawit', 'afroazjatycka'),
	('tachelhit', 'afroazjatycka'),
	('tae', 'austronezyjska'),
	('tagalog', 'austronezyjska'),
	('taidaeng', 'dajska'),
	('taidam', 'dajska'),
	('taidon', 'dajska'),
	('tajski', 'dajska'),
	('talinga-bwisi', 'nigero-kongijska'),
	('tamazight', 'afroazjatycka'),
	('tamilski', 'drawidyjska'),
	('tangkhul', 'sino-tybetanska'),
	('tarift', 'afroazjatycka'),
	('tatarski', 'turecka'),
	('tausug', 'austronezyjska'),
	('tavoyan', 'sino-tybetanska'),
	('tay', 'dajska'),
	('telugu', 'drawidyjska'),
	('tembo', 'nigero-kongijska'),
	('teso', 'nilo-saharyjska'),
	('tetela', 'nigero-kongijska'),
	('tetum', 'austronezyjska'),
	('thado', 'sino-tybetanska'),
	('thai', 'dajska'),
	('thur', 'nilo-saharyjska'),
	('tibetan', 'sino-tybetanska'),
	('tigrinya', 'afroazjatycka'),
	('tiv', 'nigero-kongijska'),
	('tlapanec', 'otomang'),
	('tolaki', 'austronezyjska'),
	('tooro', 'nigero-kongijska'),
	('toraja-sa\'dan', 'austronezyjska'),
	('totonac', 'jezyk izolowany'),
	('tripuri', 'sino-tybetanska'),
	('tseltal', 'majanska'),
	('tsonga', 'nigero-kongijska'),
	('tsotsil', 'majanska'),
	('tswana', 'nigero-kongijska'),
	('tujia', 'sino-tybetanska'),
	('tulu', 'drawidyjska'),
	('turecki', 'turecka'),
	('turkana', 'nilo-saharyjska'),
	('turkmenski', 'turecka'),
	('tuwinski', 'turecka'),
	('uabmeto', 'austronezyjska'),
	('ujgurski', 'turecka'),
	('ukrainski', 'indoeuropejska'),
	('urdu', 'indoeuropejska'),
	('urum', 'turecka'),
	('uzbecki', 'turecka'),
	('va', 'austroazjatycka'),
	('venda', 'nigero-kongijska'),
	('vunjo', 'nigero-kongijska'),
	('wa', 'austroazjatycka'),
	('walijski', 'indoeuropejska'),
	('waray-waray', 'austronezyjska'),
	('wegierski', 'uralska'),
	('wietnamski', 'austroazjatycka'),
	('wloski', 'indoeuropejska'),
	('wolaytta', 'afroazjatycka'),
	('xhosa', 'nigero-kongijska'),
	('xibe', 'tungusko-mandzurska'),
	('yaka', 'nigero-kongijska'),
	('yakan', 'austronezyjska'),
	('yao', 'nigero-kongijska'),
	('yawi', 'austronezyjska'),
	('yi', 'sino-tybetanska'),
	('yombe', 'nigero-kongijska'),
	('yoruba', 'nigero-kongijska'),
	('zaghawa', 'nilo-saharyjska'),
	('zanaki', 'nigero-kongijska'),
	('zande', 'nigero-kongijska'),
	('zapotec', 'otomang'),
	('zazaki', 'indoeuropejska'),
	('zhuang', 'dajska'),
	('zigula', 'nigero-kongijska'),
	('zinza', 'nigero-kongijska'),
	('zulu', 'nigero-kongijska');
/*!40000 ALTER TABLE `jezyki` ENABLE KEYS */;

-- Zrzut struktury tabela jezyki_2020.panstwa
CREATE TABLE IF NOT EXISTS `panstwa` (
  `Nazwa` varchar(20) COLLATE utf8mb4_general_ci NOT NULL,
  `Kontynent` varchar(20) COLLATE utf8mb4_general_ci NOT NULL,
  `Populacja` decimal(5,1) NOT NULL,
  PRIMARY KEY (`Nazwa`)
) ENGINE=InnoDB DEFAULT CHARSET=utf8mb4 COLLATE=utf8mb4_general_ci;

-- Zrzucanie danych dla tabeli jezyki_2020.panstwa: ~0 rows (około)
/*!40000 ALTER TABLE `panstwa` DISABLE KEYS */;
INSERT INTO `panstwa` (`Nazwa`, `Kontynent`, `Populacja`) VALUES
	('Afganistan', 'Azja', 32.5),
	('Algieria', 'Afryka', 39.7),
	('Argentyna', 'Ameryka Poludniowa', 43.4),
	('Bangladesz', 'Azja', 161.0),
	('Birma', 'Azja', 51.4),
	('Brazylia', 'Ameryka Poludniowa', 207.8),
	('Chiny', 'Azja', 1367.0),
	('DRK', 'Afryka', 77.3),
	('Egipt', 'Afryka', 91.5),
	('Etiopia', 'Afryka', 99.4),
	('Filipiny', 'Azja', 100.7),
	('Francja', 'Europa', 64.4),
	('Hiszpania', 'Europa', 46.1),
	('Indie', 'Azja', 1311.1),
	('Indonezja', 'Azja', 257.6),
	('Irak', 'Azja', 36.4),
	('Iran', 'Azja', 79.1),
	('Japonia', 'Azja', 126.6),
	('Kanada', 'Ameryka Polnocna', 35.9),
	('Kenia', 'Afryka', 46.1),
	('Kolumbia', 'Ameryka Poludniowa', 48.2),
	('Korea Poludniowa', 'Azja', 50.3),
	('Maroko', 'Afryka', 34.4),
	('Meksyk', 'Ameryka Polnocna', 127.0),
	('Niemcy', 'Europa', 80.7),
	('Nigeria', 'Afryka', 182.2),
	('Pakistan', 'Azja', 188.9),
	('Polska', 'Europa', 38.6),
	('Poludniowa Afryka', 'Afryka', 54.5),
	('Rosja', 'Europa', 143.5),
	('Sudan', 'Afryka', 40.2),
	('Tajlandia', 'Azja', 68.0),
	('Tanzania', 'Afryka', 53.5),
	('Turcja', 'Azja', 78.7),
	('Uganda', 'Afryka', 39.0),
	('Ukraina', 'Europa', 44.8),
	('USA', 'Ameryka Polnocna', 321.8),
	('Wielka Brytania', 'Europa', 64.7),
	('Wietnam', 'Azja', 93.4),
	('Wlochy', 'Europa', 59.8);
/*!40000 ALTER TABLE `panstwa` ENABLE KEYS */;

-- Zrzut struktury tabela jezyki_2020.uzytkownicy
CREATE TABLE IF NOT EXISTS `uzytkownicy` (
  `Panstwo` varchar(20) COLLATE utf8mb4_general_ci NOT NULL,
  `Jezyk` varchar(64) COLLATE utf8mb4_general_ci NOT NULL,
  `Uzytkownicy` float NOT NULL,
  `Urzedowy` enum('tak','nie') COLLATE utf8mb4_general_ci NOT NULL,
  PRIMARY KEY (`Panstwo`,`Jezyk`),
  KEY `Jezyk` (`Jezyk`),
  CONSTRAINT `uzytkownicy_ibfk_1` FOREIGN KEY (`Jezyk`) REFERENCES `jezyki` (`Nazwa`),
  CONSTRAINT `uzytkownicy_ibfk_2` FOREIGN KEY (`Panstwo`) REFERENCES `panstwa` (`Nazwa`)
) ENGINE=InnoDB DEFAULT CHARSET=utf8mb4 COLLATE=utf8mb4_general_ci;

-- Zrzucanie danych dla tabeli jezyki_2020.uzytkownicy: ~0 rows (około)
/*!40000 ALTER TABLE `uzytkownicy` DISABLE KEYS */;
INSERT INTO `uzytkownicy` (`Panstwo`, `Jezyk`, `Uzytkownicy`, `Urzedowy`) VALUES
	('Afganistan', 'aimaq', 0.5, 'nie'),
	('Afganistan', 'beludzi', 0.2, 'nie'),
	('Afganistan', 'brahui', 0.2, 'nie'),
	('Afganistan', 'dari', 16.2, 'tak'),
	('Afganistan', 'hazaragi', 1.8, 'nie'),
	('Afganistan', 'pashai', 0.4, 'nie'),
	('Afganistan', 'paszto', 8.7, 'tak'),
	('Afganistan', 'turkmenski', 1.5, 'nie'),
	('Afganistan', 'uzbecki', 2.9, 'nie'),
	('Algieria', 'arabski', 28.7, 'tak'),
	('Algieria', 'kabyle', 8, 'nie'),
	('Algieria', 'tachawit', 2, 'nie'),
	('Argentyna', 'arabski', 1, 'nie'),
	('Argentyna', 'guarani', 0.2, 'nie'),
	('Argentyna', 'hiszpanski', 39, 'tak'),
	('Argentyna', 'jidysz', 0.2, 'nie'),
	('Argentyna', 'katalonski', 0.2, 'nie'),
	('Argentyna', 'keczua', 0.8, 'nie'),
	('Argentyna', 'mapuche', 0.1, 'nie'),
	('Argentyna', 'niemiecki', 0.4, 'nie'),
	('Argentyna', 'wloski', 1.5, 'nie'),
	('Bangladesz', 'bengalski', 157.9, 'tak'),
	('Bangladesz', 'hindi', 0.3, 'nie'),
	('Birma', 'akha', 0.2, 'nie'),
	('Birma', 'birmanski', 32.9, 'tak'),
	('Birma', 'chin', 0.8, 'nie'),
	('Birma', 'jinpgho', 0.9, 'nie'),
	('Birma', 'karen', 2.6, 'nie'),
	('Birma', 'kayah', 0.2, 'nie'),
	('Birma', 'kayan', 0.1, 'nie'),
	('Birma', 'khun', 0.1, 'nie'),
	('Birma', 'lahu', 0.2, 'nie'),
	('Birma', 'lisu', 0.3, 'nie'),
	('Birma', 'mandarynski', 0.5, 'nie'),
	('Birma', 'mon', 0.8, 'nie'),
	('Birma', 'pa\'o', 0.6, 'nie'),
	('Birma', 'palaung', 0.5, 'nie'),
	('Birma', 'rakhine', 0.8, 'nie'),
	('Birma', 'rohingya', 0.8, 'nie'),
	('Birma', 'shan', 3.2, 'nie'),
	('Birma', 'tavoyan', 0.4, 'nie'),
	('Birma', 'wa', 0.4, 'nie'),
	('Brazylia', 'hiszpanski', 0.5, 'nie'),
	('Brazylia', 'japonski', 0.4, 'nie'),
	('Brazylia', 'niemiecki', 1.5, 'nie'),
	('Brazylia', 'portugalski', 202, 'tak'),
	('Chiny', 'bai', 1.2, 'nie'),
	('Chiny', 'blang', 0.1, 'nie'),
	('Chiny', 'buyei', 2.9, 'nie'),
	('Chiny', 'daur', 0.1, 'nie'),
	('Chiny', 'dongxiang', 0.6, 'nie'),
	('Chiny', 'hakka', 0.7, 'nie'),
	('Chiny', 'hani', 1.7, 'nie'),
	('Chiny', 'hlai', 1.5, 'nie'),
	('Chiny', 'hmong', 9.4, 'nie'),
	('Chiny', 'jingpo', 0.1, 'nie'),
	('Chiny', 'kam', 2.9, 'nie'),
	('Chiny', 'kantonski', 72.9, 'nie'),
	('Chiny', 'kazakh', 1.5, 'nie'),
	('Chiny', 'kirgiski', 0.2, 'nie'),
	('Chiny', 'koreanski', 1.8, 'nie'),
	('Chiny', 'lahu', 0.5, 'nie'),
	('Chiny', 'lisu', 0.7, 'nie'),
	('Chiny', 'mandarynski', 1212, 'tak'),
	('Chiny', 'maonan', 0.1, 'nie'),
	('Chiny', 'mien', 2.8, 'nie'),
	('Chiny', 'mongolski', 6, 'nie'),
	('Chiny', 'monguor', 0.3, 'nie'),
	('Chiny', 'mulam', 0.2, 'nie'),
	('Chiny', 'nashi', 0.3, 'nie'),
	('Chiny', 'qiang', 0.3, 'nie'),
	('Chiny', 'salar', 0.1, 'nie'),
	('Chiny', 'sui', 0.4, 'nie'),
	('Chiny', 'tibetan', 6.3, 'nie'),
	('Chiny', 'tujia', 0.1, 'nie'),
	('Chiny', 'ujgurski', 10.1, 'nie'),
	('Chiny', 'va', 0.4, 'nie'),
	('Chiny', 'xibe', 0.2, 'nie'),
	('Chiny', 'yi', 8.7, 'nie'),
	('Chiny', 'zhuang', 16.9, 'nie'),
	('DRK', 'alur', 0.8, 'nie'),
	('DRK', 'bemba', 0.3, 'nie'),
	('DRK', 'bembe', 0.3, 'nie'),
	('DRK', 'budu', 0.2, 'nie'),
	('DRK', 'chokwe', 0.5, 'nie'),
	('DRK', 'fuliiru', 0.4, 'nie'),
	('DRK', 'kanyok', 0.2, 'nie'),
	('DRK', 'kele', 0.2, 'nie'),
	('DRK', 'kinyarwanda', 0.3, 'nie'),
	('DRK', 'kituba', 4.2, 'tak'),
	('DRK', 'koongo', 3, 'nie'),
	('DRK', 'lega-shabunda', 0.4, 'nie'),
	('DRK', 'lingala', 2, 'tak'),
	('DRK', 'logo', 0.2, 'nie'),
	('DRK', 'luba-kasai', 6.3, 'tak'),
	('DRK', 'luba-katanga', 1.5, 'nie'),
	('DRK', 'mangbetu', 0.6, 'nie'),
	('DRK', 'mayogo', 0.1, 'nie'),
	('DRK', 'mbadja', 0.4, 'nie'),
	('DRK', 'mongo-nkundu', 0.4, 'nie'),
	('DRK', 'nande', 0.9, 'nie'),
	('DRK', 'ngbaka', 1, 'nie'),
	('DRK', 'ngbandi', 0.3, 'nie'),
	('DRK', 'ngiti', 0.1, 'nie'),
	('DRK', 'phende', 0.4, 'nie'),
	('DRK', 'ruund', 0.2, 'nie'),
	('DRK', 'sanga', 0.4, 'nie'),
	('DRK', 'shi', 0.7, 'nie'),
	('DRK', 'songe', 1, 'nie'),
	('DRK', 'taabwa', 0.3, 'nie'),
	('DRK', 'tembo', 0.2, 'nie'),
	('DRK', 'tetela', 0.8, 'nie'),
	('DRK', 'yaka', 0.7, 'nie'),
	('DRK', 'yombe', 0.7, 'nie'),
	('DRK', 'zande', 0.7, 'nie'),
	('Egipt', 'arabski', 89, 'tak'),
	('Egipt', 'beja', 1, 'nie'),
	('Egipt', 'domari', 0.3, 'nie'),
	('Egipt', 'nobiin', 0.4, 'nie'),
	('Etiopia', 'afar', 1.8, 'nie'),
	('Etiopia', 'amharski', 30.6, 'tak'),
	('Etiopia', 'gamo', 1.6, 'nie'),
	('Etiopia', 'gedeo', 1.4, 'nie'),
	('Etiopia', 'gurage', 2.1, 'nie'),
	('Etiopia', 'hadiyya', 1.8, 'nie'),
	('Etiopia', 'kafa', 1.1, 'nie'),
	('Etiopia', 'oromo', 35.3, 'nie'),
	('Etiopia', 'sidamo', 2.1, 'nie'),
	('Etiopia', 'somalijski', 6.5, 'nie'),
	('Etiopia', 'tigrinya', 6.2, 'nie'),
	('Etiopia', 'wolaytta', 2.3, 'nie'),
	('Filipiny', 'aklanon', 0.5, 'nie'),
	('Filipiny', 'bikol', 2.5, 'nie'),
	('Filipiny', 'cebuano', 21.3, 'nie'),
	('Filipiny', 'chavacano', 1.2, 'nie'),
	('Filipiny', 'hiligaynon', 7, 'nie'),
	('Filipiny', 'ibanag', 0.3, 'nie'),
	('Filipiny', 'ilocano', 7.8, 'nie'),
	('Filipiny', 'kapampangan', 2.5, 'nie'),
	('Filipiny', 'kinaray-a', 1.1, 'nie'),
	('Filipiny', 'maguindanao', 1.8, 'nie'),
	('Filipiny', 'maranao', 2.2, 'nie'),
	('Filipiny', 'masbateno', 0.5, 'nie'),
	('Filipiny', 'pangasinan', 2.4, 'nie'),
	('Filipiny', 'surigaonon', 1, 'nie'),
	('Filipiny', 'tagalog', 26.4, 'tak'),
	('Filipiny', 'tausug', 1.8, 'nie'),
	('Filipiny', 'waray-waray', 3.1, 'nie'),
	('Filipiny', 'yakan', 0.1, 'nie'),
	('Francja', 'alzacki', 0.7, 'nie'),
	('Francja', 'arabski', 0.9, 'nie'),
	('Francja', 'bretonski', 0.3, 'nie'),
	('Francja', 'francuski', 59.6, 'tak'),
	('Francja', 'hiszpanski', 0.5, 'nie'),
	('Francja', 'niemiecki', 0.2, 'nie'),
	('Francja', 'okcytanski', 0.6, 'nie'),
	('Francja', 'polski', 0.2, 'nie'),
	('Francja', 'portugalski', 0.6, 'nie'),
	('Francja', 'turecki', 0.2, 'nie'),
	('Francja', 'wloski', 0.5, 'nie'),
	('Hiszpania', 'baskijski', 0.9, 'nie'),
	('Hiszpania', 'galicyjski', 3.2, 'nie'),
	('Hiszpania', 'hiszpanski', 34.1, 'tak'),
	('Hiszpania', 'katalonski', 7.8, 'nie'),
	('Indie', 'adi', 0.2, 'nie'),
	('Indie', 'angami', 0.1, 'nie'),
	('Indie', 'angielski', 0.4, 'tak'),
	('Indie', 'ao', 0.3, 'nie'),
	('Indie', 'assamski', 13.2, 'nie'),
	('Indie', 'bengalski', 83.4, 'nie'),
	('Indie', 'bhili', 9.6, 'nie'),
	('Indie', 'bodo', 1.4, 'nie'),
	('Indie', 'coorgi', 0.2, 'nie'),
	('Indie', 'dimasa', 0.1, 'nie'),
	('Indie', 'dogri', 2.3, 'nie'),
	('Indie', 'garo', 0.9, 'nie'),
	('Indie', 'gondi', 2.7, 'nie'),
	('Indie', 'gudzaracki', 46.1, 'nie'),
	('Indie', 'halabi', 0.6, 'nie'),
	('Indie', 'hindi', 422, 'tak'),
	('Indie', 'ho', 1, 'nie'),
	('Indie', 'kannada', 37.9, 'nie'),
	('Indie', 'karbi', 0.4, 'nie'),
	('Indie', 'kaszmirski', 5.5, 'nie'),
	('Indie', 'khandeshi', 2.1, 'nie'),
	('Indie', 'kharia', 0.2, 'nie'),
	('Indie', 'khasi', 1.1, 'nie'),
	('Indie', 'kisan', 0.1, 'nie'),
	('Indie', 'kolami', 0.1, 'nie'),
	('Indie', 'konkani', 2.5, 'nie'),
	('Indie', 'konyak', 0.2, 'nie'),
	('Indie', 'korku', 0.6, 'nie'),
	('Indie', 'koya', 0.4, 'nie'),
	('Indie', 'kui', 0.9, 'nie'),
	('Indie', 'kurukh', 1.8, 'nie'),
	('Indie', 'kuvi', 0.1, 'nie'),
	('Indie', 'ladakhi', 0.1, 'nie'),
	('Indie', 'lotha', 0.2, 'nie'),
	('Indie', 'maithili', 12.2, 'nie'),
	('Indie', 'malayalam', 33.1, 'nie'),
	('Indie', 'malto', 0.2, 'nie'),
	('Indie', 'marathi', 71.9, 'nie'),
	('Indie', 'meitei', 1.5, 'nie'),
	('Indie', 'mishing', 0.6, 'nie'),
	('Indie', 'mizo', 0.7, 'nie'),
	('Indie', 'munda', 0.5, 'nie'),
	('Indie', 'mundari', 1.1, 'nie'),
	('Indie', 'nepalski', 2.9, 'nie'),
	('Indie', 'nissi', 0.2, 'nie'),
	('Indie', 'odia', 33, 'nie'),
	('Indie', 'pendzabski', 29.1, 'nie'),
	('Indie', 'phom', 0.1, 'nie'),
	('Indie', 'rabha', 0.2, 'nie'),
	('Indie', 'santali', 6.5, 'nie'),
	('Indie', 'savara', 0.3, 'nie'),
	('Indie', 'sema', 0.1, 'nie'),
	('Indie', 'sindhi', 2.5, 'nie'),
	('Indie', 'tamilski', 60.8, 'nie'),
	('Indie', 'tangkhul', 0.1, 'nie'),
	('Indie', 'telugu', 74, 'nie'),
	('Indie', 'thado', 0.2, 'nie'),
	('Indie', 'tripuri', 0.9, 'nie'),
	('Indie', 'tulu', 1.7, 'nie'),
	('Indie', 'urdu', 51.5, 'nie'),
	('Indonezja', 'aceh', 3.5, 'nie'),
	('Indonezja', 'ambonski', 1.9, 'nie'),
	('Indonezja', 'bali', 3.3, 'nie'),
	('Indonezja', 'bandzarski', 3.5, 'nie'),
	('Indonezja', 'bangka', 0.3, 'nie'),
	('Indonezja', 'basasemawa', 0.3, 'nie'),
	('Indonezja', 'batakangkola', 0.7, 'nie'),
	('Indonezja', 'batakdairi', 1.2, 'nie'),
	('Indonezja', 'batakkaro', 0.6, 'nie'),
	('Indonezja', 'batakmandailing', 1.1, 'nie'),
	('Indonezja', 'bataksimalungun', 1.2, 'nie'),
	('Indonezja', 'bataktoba', 2, 'nie'),
	('Indonezja', 'betawi', 2.7, 'nie'),
	('Indonezja', 'bima', 0.5, 'nie'),
	('Indonezja', 'bugis', 3.5, 'nie'),
	('Indonezja', 'gayo', 0.3, 'nie'),
	('Indonezja', 'gorontalo', 0.9, 'nie'),
	('Indonezja', 'hokkien', 1, 'nie'),
	('Indonezja', 'indonezyjski', 23.1, 'tak'),
	('Indonezja', 'jambi', 1, 'nie'),
	('Indonezja', 'jawajski', 84.3, 'nie'),
	('Indonezja', 'kantonski', 0.3, 'nie'),
	('Indonezja', 'komering', 0.5, 'nie'),
	('Indonezja', 'lewotobi', 0.3, 'nie'),
	('Indonezja', 'madurese', 13.6, 'nie'),
	('Indonezja', 'makassarese', 1.6, 'nie'),
	('Indonezja', 'manggarai', 0.5, 'nie'),
	('Indonezja', 'minangkabau', 5.5, 'nie'),
	('Indonezja', 'minhasan', 3.8, 'nie'),
	('Indonezja', 'minnan', 0.7, 'nie'),
	('Indonezja', 'molukanski', 0.7, 'nie'),
	('Indonezja', 'mongondow', 0.9, 'nie'),
	('Indonezja', 'muna', 0.3, 'nie'),
	('Indonezja', 'musi', 3.9, 'nie'),
	('Indonezja', 'ngajudayak', 0.9, 'nie'),
	('Indonezja', 'nias', 0.8, 'nie'),
	('Indonezja', 'osing', 0.3, 'nie'),
	('Indonezja', 'rejang', 0.4, 'nie'),
	('Indonezja', 'sasak', 2.1, 'nie'),
	('Indonezja', 'sundanese', 42, 'nie'),
	('Indonezja', 'tae', 0.3, 'nie'),
	('Indonezja', 'tetum', 0.4, 'nie'),
	('Indonezja', 'tolaki', 0.3, 'nie'),
	('Indonezja', 'toraja-sa\'dan', 0.5, 'nie'),
	('Indonezja', 'uabmeto', 0.6, 'nie'),
	('Irak', 'arabski', 22.4, 'tak'),
	('Irak', 'asyryjski', 0.2, 'nie'),
	('Irak', 'azerski', 2, 'nie'),
	('Irak', 'chaldejski', 0.1, 'nie'),
	('Irak', 'gurani', 0.2, 'nie'),
	('Irak', 'kurdyjski', 7.4, 'tak'),
	('Irak', 'perski', 0.4, 'nie'),
	('Irak', 'turkmenski', 0.4, 'nie'),
	('Iran', 'arabski', 1.5, 'nie'),
	('Iran', 'azerski', 13.5, 'nie'),
	('Iran', 'beludzi', 1.5, 'nie'),
	('Iran', 'gilaki', 5.3, 'nie'),
	('Iran', 'kurdyjski', 7.5, 'nie'),
	('Iran', 'luri', 4.5, 'nie'),
	('Iran', 'perski', 39.8, 'tak'),
	('Japonia', 'japonski', 125, 'tak'),
	('Japonia', 'mandarynski', 0.2, 'nie'),
	('Japonia', 'okinawski', 1, 'nie'),
	('Kanada', 'angielski', 19.4, 'tak'),
	('Kanada', 'arabski', 0.3, 'nie'),
	('Kanada', 'francuski', 8.1, 'tak'),
	('Kanada', 'grecki', 0.1, 'nie'),
	('Kanada', 'gudzaracki', 0.1, 'nie'),
	('Kanada', 'hindi', 0.1, 'nie'),
	('Kanada', 'hiszpanski', 0.4, 'nie'),
	('Kanada', 'holenderski', 0.1, 'nie'),
	('Kanada', 'kantonski', 0.4, 'nie'),
	('Kanada', 'koreanski', 0.1, 'nie'),
	('Kanada', 'kri', 0.1, 'nie'),
	('Kanada', 'mandarynski', 0.2, 'nie'),
	('Kanada', 'niemiecki', 0.4, 'nie'),
	('Kanada', 'pendzabski', 0.4, 'nie'),
	('Kanada', 'perski', 0.2, 'nie'),
	('Kanada', 'polski', 0.2, 'nie'),
	('Kanada', 'portugalski', 0.2, 'nie'),
	('Kanada', 'rosyjski', 0.2, 'nie'),
	('Kanada', 'rumunski', 0.1, 'nie'),
	('Kanada', 'tagalog', 0.3, 'nie'),
	('Kanada', 'tamilski', 0.1, 'nie'),
	('Kanada', 'ukrainski', 0.1, 'nie'),
	('Kanada', 'urdu', 0.2, 'nie'),
	('Kanada', 'wietnamski', 0.1, 'nie'),
	('Kanada', 'wloski', 0.4, 'nie'),
	('Kenia', 'borana', 0.3, 'nie'),
	('Kenia', 'chidigo', 0.3, 'nie'),
	('Kenia', 'chiduruma', 0.4, 'nie'),
	('Kenia', 'dawida', 0.3, 'nie'),
	('Kenia', 'dholuo', 4, 'nie'),
	('Kenia', 'ekegusii', 2.2, 'nie'),
	('Kenia', 'gikuyu', 6.6, 'nie'),
	('Kenia', 'idakho', 0.6, 'nie'),
	('Kenia', 'kamba', 3.9, 'nie'),
	('Kenia', 'kiembu', 0.3, 'nie'),
	('Kenia', 'kigiryama', 0.9, 'nie'),
	('Kenia', 'kimiiru', 1.7, 'nie'),
	('Kenia', 'kipsigis', 1.9, 'nie'),
	('Kenia', 'kitharaka', 0.2, 'nie'),
	('Kenia', 'kuria', 0.3, 'nie'),
	('Kenia', 'lubukusu', 1.4, 'nie'),
	('Kenia', 'lukabaras', 0.3, 'nie'),
	('Kenia', 'lulogooli', 0.6, 'nie'),
	('Kenia', 'lutachoni', 0.1, 'nie'),
	('Kenia', 'maasai', 0.9, 'nie'),
	('Kenia', 'markweeta', 0.3, 'nie'),
	('Kenia', 'nandi', 0.9, 'nie'),
	('Kenia', 'nyala', 0.3, 'nie'),
	('Kenia', 'olukhayo', 0.1, 'nie'),
	('Kenia', 'olumarachi', 0.2, 'nie'),
	('Kenia', 'olumarama', 0.2, 'nie'),
	('Kenia', 'olunyole', 0.3, 'nie'),
	('Kenia', 'olusamia', 0.1, 'nie'),
	('Kenia', 'olushisa', 0.1, 'nie'),
	('Kenia', 'olutsotso', 0.1, 'nie'),
	('Kenia', 'oluwanga', 0.3, 'nie'),
	('Kenia', 'pokoot', 0.6, 'nie'),
	('Kenia', 'sabaot', 0.2, 'nie'),
	('Kenia', 'sagalla', 0.1, 'nie'),
	('Kenia', 'somalijski', 2.4, 'nie'),
	('Kenia', 'suahili', 0.1, 'tak'),
	('Kenia', 'suba', 0.1, 'nie'),
	('Kenia', 'turkana', 1, 'nie'),
	('Kolumbia', 'hiszpanski', 47.5, 'tak'),
	('Korea Poludniowa', 'angielski', 0.1, 'nie'),
	('Korea Poludniowa', 'koreanski', 48.4, 'tak'),
	('Korea Poludniowa', 'mandarynski', 0.9, 'nie'),
	('Korea Poludniowa', 'wietnamski', 0.1, 'nie'),
	('Maroko', 'arabski', 25, 'tak'),
	('Maroko', 'tachelhit', 3.9, 'nie'),
	('Maroko', 'tamazight', 2.3, 'tak'),
	('Maroko', 'tarift', 1.3, 'nie'),
	('Meksyk', 'angielski', 0.4, 'nie'),
	('Meksyk', 'arabski', 0.4, 'nie'),
	('Meksyk', 'ch\'ol', 0.2, 'nie'),
	('Meksyk', 'chinantec', 0.1, 'nie'),
	('Meksyk', 'hiszpanski', 118, 'tak'),
	('Meksyk', 'huastec', 0.1, 'nie'),
	('Meksyk', 'maya', 0.8, 'nie'),
	('Meksyk', 'mazahua', 0.1, 'nie'),
	('Meksyk', 'mazatec', 0.2, 'nie'),
	('Meksyk', 'mixe', 0.1, 'nie'),
	('Meksyk', 'mixtec', 0.4, 'nie'),
	('Meksyk', 'nahuatl', 1.4, 'nie'),
	('Meksyk', 'otomi', 0.2, 'nie'),
	('Meksyk', 'purepecha', 0.1, 'nie'),
	('Meksyk', 'tlapanec', 0.1, 'nie'),
	('Meksyk', 'totonac', 0.2, 'nie'),
	('Meksyk', 'tseltal', 0.4, 'nie'),
	('Meksyk', 'tsotsil', 0.3, 'nie'),
	('Meksyk', 'zapotec', 0.4, 'nie'),
	('Niemcy', 'albanski', 0.2, 'nie'),
	('Niemcy', 'angielski', 0.3, 'nie'),
	('Niemcy', 'arabski', 0.6, 'nie'),
	('Niemcy', 'bulgarski', 0.2, 'nie'),
	('Niemcy', 'francuski', 0.1, 'nie'),
	('Niemcy', 'grecki', 0.3, 'nie'),
	('Niemcy', 'hiszpanski', 0.2, 'nie'),
	('Niemcy', 'kurdyjski', 0.5, 'nie'),
	('Niemcy', 'macedonski', 0.1, 'nie'),
	('Niemcy', 'mandarynski', 0.1, 'nie'),
	('Niemcy', 'niemiecki', 69.8, 'tak'),
	('Niemcy', 'polski', 0.8, 'nie'),
	('Niemcy', 'rosyjski', 0.2, 'nie'),
	('Niemcy', 'rumunski', 0.5, 'nie'),
	('Niemcy', 'serbsko-chorwacki', 0.3, 'nie'),
	('Niemcy', 'turecki', 1.5, 'nie'),
	('Niemcy', 'ukrainski', 0.1, 'nie'),
	('Niemcy', 'wegierski', 0.2, 'nie'),
	('Niemcy', 'wloski', 0.6, 'nie'),
	('Nigeria', 'angielski', 4, 'tak'),
	('Nigeria', 'arabski', 0.2, 'nie'),
	('Nigeria', 'bacama', 0.2, 'nie'),
	('Nigeria', 'bata', 0.2, 'nie'),
	('Nigeria', 'edo', 1, 'nie'),
	('Nigeria', 'fula', 1.7, 'nie'),
	('Nigeria', 'hausa', 18.5, 'nie'),
	('Nigeria', 'ibibio', 1.5, 'nie'),
	('Nigeria', 'igbo', 24, 'nie'),
	('Nigeria', 'ijaw', 2, 'nie'),
	('Nigeria', 'izere', 0.1, 'nie'),
	('Nigeria', 'kanuri', 3, 'nie'),
	('Nigeria', 'tiv', 2, 'nie'),
	('Nigeria', 'yoruba', 18.9, 'nie'),
	('Pakistan', 'arabski', 0.2, 'nie'),
	('Pakistan', 'beludzi', 6.2, 'nie'),
	('Pakistan', 'paszto', 26.7, 'nie'),
	('Pakistan', 'pendzabski', 76.4, 'nie'),
	('Pakistan', 'rohingya', 0.2, 'nie'),
	('Pakistan', 'saraiki', 18, 'nie'),
	('Pakistan', 'sindhi', 24.4, 'nie'),
	('Pakistan', 'urdu', 13.1, 'tak'),
	('Pakistan', 'uzbecki', 1.3, 'nie'),
	('Polska', 'angielski', 0.1, 'nie'),
	('Polska', 'kaszubski', 0.1, 'nie'),
	('Polska', 'niemiecki', 0.1, 'nie'),
	('Polska', 'polski', 37.8, 'tak'),
	('Poludniowa Afryka', 'afrikaans', 6.9, 'tak'),
	('Poludniowa Afryka', 'angielski', 4.9, 'tak'),
	('Poludniowa Afryka', 'hindi', 0.4, 'nie'),
	('Poludniowa Afryka', 'ndebele', 1.1, 'tak'),
	('Poludniowa Afryka', 'sesotho', 3.8, 'tak'),
	('Poludniowa Afryka', 'sotho', 4.6, 'tak'),
	('Poludniowa Afryka', 'suazi', 1.3, 'tak'),
	('Poludniowa Afryka', 'tamilski', 0.3, 'nie'),
	('Poludniowa Afryka', 'tsonga', 2.3, 'tak'),
	('Poludniowa Afryka', 'tswana', 4.1, 'tak'),
	('Poludniowa Afryka', 'venda', 1.2, 'tak'),
	('Poludniowa Afryka', 'xhosa', 8.2, 'tak'),
	('Poludniowa Afryka', 'zulu', 11.6, 'tak'),
	('Rosja', 'adygejski', 0.1, 'nie'),
	('Rosja', 'altajski', 0.1, 'nie'),
	('Rosja', 'armenski', 0.7, 'nie'),
	('Rosja', 'awarski', 0.7, 'nie'),
	('Rosja', 'azerski', 0.5, 'nie'),
	('Rosja', 'baszkirski', 1.2, 'nie'),
	('Rosja', 'buriacki', 0.2, 'nie'),
	('Rosja', 'czeczenski', 1.4, 'nie'),
	('Rosja', 'czuwaski', 1, 'nie'),
	('Rosja', 'dargwa', 0.5, 'nie'),
	('Rosja', 'inguski', 0.3, 'nie'),
	('Rosja', 'kabardyjski', 0.5, 'nie'),
	('Rosja', 'karaczajsko-balkarski', 0.3, 'nie'),
	('Rosja', 'komi', 0.2, 'nie'),
	('Rosja', 'kumyk', 0.4, 'nie'),
	('Rosja', 'lak', 0.1, 'nie'),
	('Rosja', 'lezgi', 0.4, 'nie'),
	('Rosja', 'maryjski', 0.5, 'nie'),
	('Rosja', 'niemiecki', 2.1, 'nie'),
	('Rosja', 'ossetic', 0.5, 'nie'),
	('Rosja', 'romski', 0.1, 'nie'),
	('Rosja', 'rosyjski', 119, 'tak'),
	('Rosja', 'tabasaran', 0.1, 'nie'),
	('Rosja', 'tatarski', 4.3, 'nie'),
	('Rosja', 'tuwinski', 0.2, 'nie'),
	('Rosja', 'ukrainski', 1.1, 'nie'),
	('Sudan', 'ama', 0.1, 'nie'),
	('Sudan', 'arabski', 26.7, 'tak'),
	('Sudan', 'bedawiyet', 2, 'nie'),
	('Sudan', 'berta', 0.2, 'nie'),
	('Sudan', 'fur', 0.7, 'nie'),
	('Sudan', 'kanuri', 0.3, 'nie'),
	('Sudan', 'masalit', 0.4, 'nie'),
	('Sudan', 'zaghawa', 0.2, 'nie'),
	('Tajlandia', 'karen', 0.4, 'nie'),
	('Tajlandia', 'khammuang', 6, 'nie'),
	('Tajlandia', 'khmerski', 1.4, 'nie'),
	('Tajlandia', 'kuy', 0.4, 'nie'),
	('Tajlandia', 'lao', 15.2, 'nie'),
	('Tajlandia', 'ngaw', 0.5, 'nie'),
	('Tajlandia', 'paktai', 4.5, 'nie'),
	('Tajlandia', 'phuthai', 0.5, 'nie'),
	('Tajlandia', 'tajski', 20, 'tak'),
	('Tajlandia', 'yawi', 1.4, 'nie'),
	('Tanzania', 'asu', 0.5, 'nie'),
	('Tanzania', 'bena', 0.7, 'nie'),
	('Tanzania', 'fipa', 0.2, 'nie'),
	('Tanzania', 'gogo', 1.9, 'nie'),
	('Tanzania', 'gudzaracki', 0.3, 'nie'),
	('Tanzania', 'ha', 1, 'nie'),
	('Tanzania', 'hangaza', 0.2, 'nie'),
	('Tanzania', 'haya', 1.7, 'nie'),
	('Tanzania', 'hehe', 1.1, 'nie'),
	('Tanzania', 'iraqw', 0.5, 'nie'),
	('Tanzania', 'jita', 0.2, 'nie'),
	('Tanzania', 'kagulu', 0.2, 'nie'),
	('Tanzania', 'kerewe', 0.1, 'nie'),
	('Tanzania', 'kinga', 0.1, 'nie'),
	('Tanzania', 'kuria', 0.4, 'nie'),
	('Tanzania', 'kwaya', 0.1, 'nie'),
	('Tanzania', 'langi', 0.4, 'nie'),
	('Tanzania', 'luguru', 0.7, 'nie'),
	('Tanzania', 'luo', 0.1, 'nie'),
	('Tanzania', 'maasai', 0.6, 'nie'),
	('Tanzania', 'machame', 0.3, 'nie'),
	('Tanzania', 'makhuwa-meetto', 0.5, 'nie'),
	('Tanzania', 'makonde', 1.3, 'nie'),
	('Tanzania', 'mambwe-lungu', 0.3, 'nie'),
	('Tanzania', 'matengo', 0.2, 'nie'),
	('Tanzania', 'mochi', 0.6, 'nie'),
	('Tanzania', 'mwera', 0.5, 'nie'),
	('Tanzania', 'ndali', 0.2, 'nie'),
	('Tanzania', 'ndendule', 0.1, 'nie'),
	('Tanzania', 'ngingo', 0.2, 'nie'),
	('Tanzania', 'ngoni', 0.2, 'nie'),
	('Tanzania', 'ngulu', 0.1, 'nie'),
	('Tanzania', 'nilamba', 0.6, 'nie'),
	('Tanzania', 'nyakyusa-ngonde', 1.1, 'nie'),
	('Tanzania', 'nyambo', 0.4, 'nie'),
	('Tanzania', 'nyamwezi', 1.3, 'nie'),
	('Tanzania', 'nyaturu', 0.8, 'nie'),
	('Tanzania', 'nyiha', 0.2, 'nie'),
	('Tanzania', 'pogolo', 0.2, 'nie'),
	('Tanzania', 'safwa', 0.2, 'nie'),
	('Tanzania', 'shambala', 0.7, 'nie'),
	('Tanzania', 'shubi', 0.2, 'nie'),
	('Tanzania', 'suahili', 15, 'tak'),
	('Tanzania', 'suba', 0.1, 'nie'),
	('Tanzania', 'sukuma', 7.3, 'nie'),
	('Tanzania', 'sumbwa', 0.2, 'nie'),
	('Tanzania', 'vunjo', 0.3, 'nie'),
	('Tanzania', 'yao', 0.6, 'nie'),
	('Tanzania', 'zanaki', 0.1, 'nie'),
	('Tanzania', 'zigula', 0.4, 'nie'),
	('Tanzania', 'zinza', 0.1, 'nie'),
	('Turcja', 'adygejski', 0.3, 'nie'),
	('Turcja', 'arabski', 1.1, 'nie'),
	('Turcja', 'azerski', 0.5, 'nie'),
	('Turcja', 'bulgarski', 0.4, 'nie'),
	('Turcja', 'kabardyjski', 1, 'nie'),
	('Turcja', 'kurdyjski', 8.1, 'nie'),
	('Turcja', 'tatarski', 0.1, 'nie'),
	('Turcja', 'turecki', 64.9, 'tak'),
	('Turcja', 'zazaki', 1.7, 'nie'),
	('Uganda', 'acholi', 1.5, 'nie'),
	('Uganda', 'adhola', 0.5, 'nie'),
	('Uganda', 'alur', 1, 'nie'),
	('Uganda', 'aringa', 0.5, 'nie'),
	('Uganda', 'chiga', 2.4, 'nie'),
	('Uganda', 'fumbira', 1.2, 'nie'),
	('Uganda', 'ganda', 5.6, 'nie'),
	('Uganda', 'gungu', 0.1, 'nie'),
	('Uganda', 'gwere', 0.6, 'nie'),
	('Uganda', 'kakwa', 0.2, 'nie'),
	('Uganda', 'kenye', 0.1, 'nie'),
	('Uganda', 'konzo', 0.9, 'nie'),
	('Uganda', 'kumam', 0.3, 'nie'),
	('Uganda', 'kupsapiiny', 0.3, 'nie'),
	('Uganda', 'lango', 2.1, 'nie'),
	('Uganda', 'lugbara', 1.1, 'nie'),
	('Uganda', 'ma\'di', 0.3, 'nie'),
	('Uganda', 'masaaba', 1.7, 'nie'),
	('Uganda', 'ng\'akarimojong', 0.7, 'nie'),
	('Uganda', 'nyankore', 3.4, 'nie'),
	('Uganda', 'nyole', 0.5, 'nie'),
	('Uganda', 'nyoro', 1, 'nie'),
	('Uganda', 'pokoot', 0.1, 'nie'),
	('Uganda', 'saamia', 0.5, 'nie'),
	('Uganda', 'soga', 3, 'nie'),
	('Uganda', 'suahili', 0.3, 'tak'),
	('Uganda', 'talinga-bwisi', 0.1, 'nie'),
	('Uganda', 'teso', 2.4, 'nie'),
	('Uganda', 'thur', 0.1, 'nie'),
	('Uganda', 'tooro', 0.8, 'nie'),
	('Ukraina', 'armenski', 0.1, 'nie'),
	('Ukraina', 'bialoruski', 0.3, 'nie'),
	('Ukraina', 'bulgarski', 0.2, 'nie'),
	('Ukraina', 'jidysz', 0.6, 'nie'),
	('Ukraina', 'polski', 0.1, 'nie'),
	('Ukraina', 'rosyjski', 8.3, 'nie'),
	('Ukraina', 'rumunski', 0.3, 'nie'),
	('Ukraina', 'tatarski', 0.3, 'nie'),
	('Ukraina', 'ukrainski', 32, 'tak'),
	('Ukraina', 'urum', 0.1, 'nie'),
	('Ukraina', 'wegierski', 0.2, 'nie'),
	('USA', 'angielski', 255, 'tak'),
	('USA', 'arabski', 1, 'nie'),
	('USA', 'armenski', 0.2, 'nie'),
	('USA', 'francuski', 2.1, 'nie'),
	('USA', 'grecki', 0.3, 'nie'),
	('USA', 'gudzaracki', 0.4, 'nie'),
	('USA', 'hebrajski', 0.2, 'nie'),
	('USA', 'hindi', 0.6, 'nie'),
	('USA', 'hiszpanski', 41.5, 'nie'),
	('USA', 'hmong', 0.2, 'nie'),
	('USA', 'japonski', 0.4, 'nie'),
	('USA', 'jidysz', 0.2, 'nie'),
	('USA', 'khmerski', 0.2, 'nie'),
	('USA', 'koreanski', 1.1, 'nie'),
	('USA', 'laotanski', 0.1, 'nie'),
	('USA', 'mandarynski', 2.9, 'nie'),
	('USA', 'navajo', 0.2, 'nie'),
	('USA', 'niemiecki', 1.1, 'nie'),
	('USA', 'perski', 0.4, 'nie'),
	('USA', 'polski', 0.6, 'nie'),
	('USA', 'portugalski', 0.7, 'nie'),
	('USA', 'rosyjski', 0.9, 'nie'),
	('USA', 'rumunski', 1, 'nie'),
	('USA', 'serbsko-chorwacki', 0.3, 'nie'),
	('USA', 'tagalog', 1.6, 'nie'),
	('USA', 'thai', 0.2, 'nie'),
	('USA', 'urdu', 0.4, 'nie'),
	('USA', 'wegierski', 0.1, 'nie'),
	('USA', 'wietnamski', 1.4, 'nie'),
	('USA', 'wloski', 0.7, 'nie'),
	('Wielka Brytania', 'angielski', 59.8, 'tak'),
	('Wielka Brytania', 'arabski', 0.2, 'nie'),
	('Wielka Brytania', 'bengalski', 0.2, 'nie'),
	('Wielka Brytania', 'gudzaracki', 0.2, 'nie'),
	('Wielka Brytania', 'hiszpanski', 0.1, 'nie'),
	('Wielka Brytania', 'pendzabski', 0.2, 'nie'),
	('Wielka Brytania', 'polski', 0.6, 'nie'),
	('Wielka Brytania', 'portugalski', 0.1, 'nie'),
	('Wielka Brytania', 'tamilski', 0.1, 'nie'),
	('Wielka Brytania', 'urdu', 0.3, 'nie'),
	('Wielka Brytania', 'walijski', 0.6, 'nie'),
	('Wietnam', 'bahnar', 0.2, 'nie'),
	('Wietnam', 'caolan', 0.2, 'nie'),
	('Wietnam', 'cham', 0.2, 'nie'),
	('Wietnam', 'hmong', 1.1, 'nie'),
	('Wietnam', 'jarai', 0.2, 'nie'),
	('Wietnam', 'kantonski', 0.9, 'nie'),
	('Wietnam', 'khmerski', 1.1, 'nie'),
	('Wietnam', 'kimmun', 0.2, 'nie'),
	('Wietnam', 'koho', 0.2, 'nie'),
	('Wietnam', 'muong', 1.1, 'nie'),
	('Wietnam', 'nung', 1, 'nie'),
	('Wietnam', 'phuthai', 0.2, 'nie'),
	('Wietnam', 'rade', 0.2, 'nie'),
	('Wietnam', 'roglai', 0.1, 'nie'),
	('Wietnam', 'sedang', 0.1, 'nie'),
	('Wietnam', 'taidaeng', 0.1, 'nie'),
	('Wietnam', 'taidam', 0.7, 'nie'),
	('Wietnam', 'taidon', 0.3, 'nie'),
	('Wietnam', 'tay', 1.6, 'nie'),
	('Wietnam', 'wietnamski', 65.8, 'tak'),
	('Wietnam', 'zhuang', 0.3, 'nie'),
	('Wlochy', 'albanski', 0.4, 'nie'),
	('Wlochy', 'arabski', 0.5, 'nie'),
	('Wlochy', 'francuski', 0.1, 'nie'),
	('Wlochy', 'friulski', 0.6, 'nie'),
	('Wlochy', 'hiszpanski', 0.3, 'nie'),
	('Wlochy', 'mandarynski', 0.2, 'nie'),
	('Wlochy', 'okcytanski', 0.1, 'nie'),
	('Wlochy', 'rosyjski', 0.1, 'nie'),
	('Wlochy', 'rumunski', 0.8, 'nie'),
	('Wlochy', 'serbsko-chorwacki', 0.1, 'nie'),
	('Wlochy', 'ukrainski', 0.1, 'nie'),
	('Wlochy', 'wloski', 55, 'tak');
/*!40000 ALTER TABLE `uzytkownicy` ENABLE KEYS */;

/*!40101 SET SQL_MODE=IFNULL(@OLD_SQL_MODE, '') */;
/*!40014 SET FOREIGN_KEY_CHECKS=IF(@OLD_FOREIGN_KEY_CHECKS IS NULL, 1, @OLD_FOREIGN_KEY_CHECKS) */;
/*!40101 SET CHARACTER_SET_CLIENT=@OLD_CHARACTER_SET_CLIENT */;
