-- --------------------------------------------------------
-- Host:                         localhost
-- Wersja serwera:               8.0.22-0ubuntu0.20.04.3 - (Ubuntu)
-- Serwer OS:                    Linux
-- HeidiSQL Wersja:              11.0.0.5919
-- --------------------------------------------------------

/*!40101 SET @OLD_CHARACTER_SET_CLIENT=@@CHARACTER_SET_CLIENT */;
/*!40101 SET NAMES utf8 */;
/*!50503 SET NAMES utf8mb4 */;
/*!40014 SET @OLD_FOREIGN_KEY_CHECKS=@@FOREIGN_KEY_CHECKS, FOREIGN_KEY_CHECKS=0 */;
/*!40101 SET @OLD_SQL_MODE=@@SQL_MODE, SQL_MODE='NO_AUTO_VALUE_ON_ZERO' */;

-- Zrzut struktury tabela rekrutacja.informatycy
CREATE TABLE IF NOT EXISTS `informatycy` (
  `idosoby` char(4) NOT NULL,
  `punkty` decimal(10,0) DEFAULT NULL,
  PRIMARY KEY (`idosoby`),
  CONSTRAINT `informatycy_chk_1` CHECK ((`punkty` between 0 and 1000))
) ENGINE=InnoDB DEFAULT CHARSET=utf8mb4 COLLATE=utf8mb4_0900_ai_ci;

-- Zrzucanie danych dla tabeli rekrutacja.informatycy: ~0 rows (około)
/*!40000 ALTER TABLE `informatycy` DISABLE KEYS */;
INSERT INTO `informatycy` (`idosoby`, `punkty`) VALUES
	('k001', 300),
	('k018', 300),
	('k035', 300),
	('k094', 300),
	('k100', 300),
	('k109', 300),
	('k115', 300),
	('k116', 300);
/*!40000 ALTER TABLE `informatycy` ENABLE KEYS */;

-- Zrzut struktury tabela rekrutacja.kandydaci
CREATE TABLE IF NOT EXISTS `kandydaci` (
  `idosoby` char(4) NOT NULL,
  `imie` varchar(20) DEFAULT NULL,
  `nazwisko` varchar(40) DEFAULT NULL,
  `matematyka` decimal(10,0) DEFAULT NULL,
  `informatyka` decimal(10,0) DEFAULT NULL,
  `fizyka` decimal(10,0) DEFAULT NULL,
  `jezykobcy` decimal(10,0) DEFAULT NULL,
  `plec` ENUM('k', 'm') CHARACTER SET utf8mb4 COLLATE utf8mb4_0900_ai_ci DEFAULT NULL,
  PRIMARY KEY (`idosoby`),
  CONSTRAINT `kandydaci_chk_1` CHECK ((`matematyka` between 0 and 100)),
  CONSTRAINT `kandydaci_chk_2` CHECK ((`informatyka` between 0 and 100)),
  CONSTRAINT `kandydaci_chk_3` CHECK ((`fizyka` between 0 and 100)),
  CONSTRAINT `kandydaci_chk_4` CHECK ((`jezykobcy` between 0 and 100))
) ENGINE=InnoDB DEFAULT CHARSET=utf8mb4 COLLATE=utf8mb4_0900_ai_ci;

-- Zrzucanie danych dla tabeli rekrutacja.kandydaci: ~0 rows (około)
/*!40000 ALTER TABLE `kandydaci` DISABLE KEYS */;
INSERT INTO `kandydaci` (`idosoby`, `imie`, `nazwisko`, `matematyka`, `informatyka`, `fizyka`, `jezykobcy`, `plec`) VALUES
	('k001', 'Anastazja', 'Chojnawiak', 100, 100, 100, 100, 'k'),
	('k002', 'Piotr', 'Kaczor', 99, 100, 19, 100, 'm'),
	('k003', 'Jan', 'Ziomek', 84, 3, 100, 45, 'm'),
	('k004', 'Zofia', 'Kogut', 91, 100, 15, 100, 'k'),
	('k005', 'Bartlomiej', 'Wisnia', 100, 100, 68, 100, 'm'),
	('k006', 'Marek', 'Kaczmarek', 75, 20, 4, 100, 'm'),
	('k007', 'Marcin', 'Wieczorek', 100, 100, 80, 58, 'm'),
	('k008', 'Marcin', 'Szpila', 27, 11, 100, 84, 'm'),
	('k009', 'Natalia', 'Rada', 100, 100, 91, 100, 'k'),
	('k010', 'Michal', 'Kulig', 43, 100, 100, 99, 'm'),
	('k011', 'Natalia', 'Kolek', 4, 35, 14, 100, 'k'),
	('k012', 'Jakub', 'Gawora', 100, 100, 22, 45, 'm'),
	('k013', 'Natalia', 'Kucharz', 27, 100, 100, 16, 'k'),
	('k014', 'Michal', 'Borsuk', 4, 22, 39, 79, 'm'),
	('k015', 'Wiktor', 'Ziomek', 67, 36, 100, 68, 'm'),
	('k016', 'Natalia', 'Lis', 49, 65, 43, 100, 'k'),
	('k017', 'Krzysztof', 'Suszko', 67, 3, 24, 65, 'm'),
	('k018', 'Karol', 'Kaczmarczyk', 100, 100, 100, 100, 'm'),
	('k019', 'Joanna', 'Kaczmarek', 100, 58, 100, 53, 'k'),
	('k020', 'Arkadiusz', 'Pietczak', 65, 100, 100, 33, 'm'),
	('k021', 'Konrad', 'Drozd', 15, 100, 100, 23, 'm'),
	('k022', 'Sebastian', 'Chojnawiak', 70, 100, 23, 17, 'm'),
	('k024', 'Jan', 'Kolek', 78, 58, 100, 39, 'm'),
	('k025', 'Emil', 'Sienkiewicz', 9, 84, 100, 2, 'm'),
	('k026', 'Patryk', 'Kiszka', 100, 100, 83, 63, 'm'),
	('k027', 'Piotr', 'Dab', 79, 100, 87, 100, 'm'),
	('k028', 'Natalia', 'Janczak', 62, 100, 100, 19, 'k'),
	('k029', 'Monika', 'Piatek', 100, 53, 100, 13, 'k'),
	('k030', 'Tomasz', 'Weber', 100, 86, 50, 100, 'm'),
	('k031', 'Przemyslaw', 'Sadza', 100, 21, 100, 100, 'm'),
	('k032', 'Agata', 'Czyz', 100, 89, 80, 100, 'k'),
	('k033', 'Maciej', 'Janczak', 13, 100, 13, 100, 'm'),
	('k034', 'Marek', 'Kozak', 100, 63, 39, 46, 'm'),
	('k035', 'lukasz', 'Chojnawiak', 100, 100, 100, 65, 'm'),
	('k036', 'Maciej', 'Peszek', 70, 100, 100, 58, 'm'),
	('k037', 'Pawel', 'Salata', 99, 47, 100, 84, 'm'),
	('k038', 'Zofia', 'Kuchta', 100, 100, 71, 100, 'k'),
	('k039', 'Piotr', 'Andrut', 100, 46, 44, 74, 'm'),
	('k040', 'Piotr', 'Kopacz', 96, 14, 68, 51, 'm'),
	('k041', 'Natalia', 'Czyz', 8, 42, 34, 53, 'k'),
	('k042', 'Krzysztof', 'Bukowiec', 15, 91, 100, 3, 'm'),
	('k043', 'Mariusz', 'Lach', 64, 23, 16, 52, 'm'),
	('k044', 'Piotr', 'Koniec', 12, 59, 100, 33, 'm'),
	('k045', 'Piotr', 'Bak', 100, 100, 92, 100, 'm'),
	('k046', 'Jedrzej', 'Mazur', 89, 76, 27, 82, 'm'),
	('k047', 'Ewelina', 'Kiszka', 100, 56, 100, 31, 'k'),
	('k048', 'Dominik', 'Janczak', 100, 29, 100, 34, 'm'),
	('k049', 'Maciej', 'Glowa', 86, 19, 100, 100, 'm'),
	('k050', 'Jan', 'Wrobel', 100, 100, 2, 73, 'm'),
	('k051', 'Filip', 'Chojnawiak', 100, 61, 100, 100, 'm'),
	('k052', 'Monika', 'Gnat', 100, 100, 54, 100, 'k'),
	('k053', 'Mariusz', 'Ziomek', 95, 50, 100, 100, 'm'),
	('k054', 'Agnieszka', 'Buk', 100, 59, 17, 98, 'k'),
	('k055', 'Natalia', 'Dab', 100, 15, 100, 77, 'k'),
	('k056', 'Piotr', 'Zebik', 100, 23, 100, 26, 'm'),
	('k057', 'Maciej', 'Peszek', 100, 92, 18, 23, 'm'),
	('k058', 'Rafal', 'Piatkowiak', 75, 87, 40, 3, 'm'),
	('k059', 'Krystian', 'Kozak', 14, 86, 44, 100, 'm'),
	('k060', 'Anastazja', 'Kucharz', 100, 1, 60, 100, 'k'),
	('k061', 'Natalia', 'Szlachta', 11, 100, 100, 34, 'k'),
	('k062', 'Mateusz', 'Kosz', 97, 100, 80, 100, 'm'),
	('k063', 'Pawel', 'Kaczmarek', 47, 32, 100, 40, 'm'),
	('k064', 'Marek', 'Salata', 92, 34, 40, 100, 'm'),
	('k065', 'Ewelina', 'Blizniak', 82, 83, 100, 100, 'k'),
	('k066', 'Rafal', 'Koniec', 65, 47, 11, 22, 'm'),
	('k067', 'Natalia', 'Ksiazek', 100, 57, 37, 66, 'k'),
	('k068', 'Magdalena', 'Osika', 100, 100, 4, 100, 'k'),
	('k069', 'Dorota', 'Szpila', 71, 100, 2, 57, 'k'),
	('k070', 'Bartlomiej', 'Kogut', 13, 15, 100, 82, 'm'),
	('k071', 'Agnieszka', 'Kozak', 69, 68, 88, 100, 'k'),
	('k072', 'Piotr', 'Peszek', 77, 100, 100, 63, 'm'),
	('k073', 'Piotr', 'Gawora', 100, 50, 23, 78, 'm'),
	('k074', 'Bartlomiej', 'Wieczorek', 39, 46, 72, 31, 'm'),
	('k075', 'Milosz', 'Wieczorek', 95, 100, 74, 100, 'm'),
	('k076', 'Daniel', 'Bogacki', 100, 32, 100, 44, 'm'),
	('k078', 'Sara', 'Socha', 55, 38, 100, 26, 'k'),
	('k079', 'Adam', 'Szlachta', 90, 47, 13, 100, 'm'),
	('k080', 'Filip', 'Lach', 100, 100, 74, 60, 'm'),
	('k081', 'Krzysztof', 'Hofman', 25, 100, 63, 64, 'm'),
	('k082', 'Krzysztof', 'Ziomek', 100, 24, 84, 73, 'm'),
	('k083', 'Jakub', 'Dab', 96, 8, 100, 14, 'm'),
	('k084', 'Pawel', 'Rada', 100, 95, 100, 100, 'm'),
	('k085', 'Dorota', 'Gil', 22, 100, 100, 31, 'k'),
	('k086', 'Filip', 'Ziomek', 77, 100, 5, 63, 'm'),
	('k087', 'Maciej', 'Rada', 81, 100, 84, 77, 'm'),
	('k088', 'Marek', 'Blizniak', 58, 100, 65, 100, 'm'),
	('k089', 'Maciej', 'Kucharz', 63, 100, 55, 64, 'm'),
	('k090', 'Michal', 'Wisniak', 100, 100, 14, 100, 'm'),
	('k091', 'Beata', 'Lis', 100, 100, 51, 0, 'k'),
	('k092', 'Magdalena', 'Gnat', 26, 10, 15, 34, 'k'),
	('k093', 'Anita', 'Kot', 63, 100, 100, 98, 'k'),
	('k094', 'Ewelina', 'Ziomek', 100, 100, 100, 63, 'k'),
	('k095', 'Anna', 'Szpila', 100, 34, 100, 29, 'k'),
	('k096', 'Magdalena', 'Grzegorczyk', 100, 97, 100, 75, 'k'),
	('k097', 'Krystian', 'Hofman', 100, 100, 68, 100, 'm'),
	('k098', 'Dorota', 'Dlugosz', 77, 100, 100, 84, 'k'),
	('k099', 'Agata', 'Knap', 100, 49, 52, 100, 'k'),
	('k100', 'Igor', 'Moskwa', 100, 100, 100, 37, 'm'),
	('k101', 'Jerzy', 'Sztorc', 55, 62, 100, 17, 'm'),
	('k102', 'Adrian', 'Jurkowiak', 100, 65, 100, 4, 'm'),
	('k103', 'Piotr', 'Koniec', 64, 100, 75, 100, 'm'),
	('k104', 'Krzysztof', 'Samuel', 42, 100, 25, 94, 'm'),
	('k105', 'Mateusz', 'Blizniak', 84, 100, 100, 100, 'm'),
	('k106', 'Natalia', 'Kopacz', 7, 100, 36, 100, 'k'),
	('k107', 'Natalia', 'Gala', 32, 100, 24, 55, 'k'),
	('k108', 'Zofia', 'Krol', 12, 11, 33, 22, 'k'),
	('k109', 'Mariusz', 'Lis', 100, 100, 100, 100, 'm'),
	('k110', 'Arkadiusz', 'Socha', 86, 100, 16, 100, 'm'),
	('k111', 'Dominik', 'Koniec', 56, 100, 45, 100, 'm'),
	('k112', 'Mateusz', 'Lis', 5, 92, 99, 2, 'm'),
	('k113', 'Michal', 'Kosz', 34, 100, 47, 59, 'm'),
	('k114', 'Natalia', 'Kiszka', 7, 100, 100, 7, 'k'),
	('k115', 'Joanna', 'Kowal', 100, 100, 100, 76, 'k'),
	('k116', 'Piotr', 'Bogasiuk', 100, 100, 100, 100, 'm'),
	('k117', 'Bartlomiej', 'Blizniak', 100, 100, 100, 87, 'm'),
	('k118', 'Jacek', 'Maczka', 100, 100, 83, 100, 'm'),
	('k119', 'Piotr', 'Kosz', 7, 57, 83, 12, 'm'),
	('k120', 'Andrzej', 'Kolek', 97, 100, 56, 76, 'm'),
	('k121', 'Michal', 'Socha', 85, 100, 100, 100, 'm'),
	('k122', 'Natalia', 'Dab', 45, 100, 93, 14, 'k'),
	('k123', 'Mateusz', 'Blizniak', 83, 100, 82, 100, 'm'),
	('k124', 'Ewelina', 'Pietczak', 90, 93, 100, 100, 'k'),
	('k125', 'Krzysztof', 'Kiszka', 2, 100, 77, 100, 'm'),
	('k126', 'Natalia', 'Szpila', 77, 100, 100, 90, 'k'),
	('k127', 'Kamil', 'Borsuk', 39, 88, 32, 100, 'm'),
	('k128', 'Dorota', 'Ozog', 100, 12, 100, 100, 'k'),
	('k129', 'Dorota', 'Salata', 100, 100, 59, 7, 'k'),
	('k130', 'Arkadiusz', 'Lis', 53, 52, 7, 46, 'm'),
	('k131', 'Adam', 'Mazur', 52, 39, 49, 84, 'm'),
	('k132', 'Kamila', 'Ksiazek', 27, 100, 46, 21, 'k'),
	('k134', 'Piotr', 'Kowalczyk', 100, 100, 91, 49, 'm'),
	('k135', 'Kamil', 'Bobiak', 40, 24, 63, 100, 'm'),
	('k136', 'Dorota', 'Chojnawiak', 78, 63, 100, 41, 'k'),
	('k137', 'Kamil', 'Ziomek', 100, 62, 100, 100, 'm'),
	('k139', 'Kacper', 'Lach', 100, 66, 62, 100, 'm'),
	('k140', 'Igor', 'Grzegorczyk', 100, 100, 100, 88, 'm'),
	('k141', 'Jacek', 'Sztorc', 100, 55, 43, 100, 'm'),
	('k142', 'Marcin', 'Chojnik', 100, 100, 100, 100, 'm'),
	('k143', 'Dorota', 'Kulig', 100, 81, 92, 51, 'k'),
	('k144', 'Michal', 'Biegus', 88, 46, 100, 100, 'm'),
	('k145', 'Piotr', 'Peszek', 69, 100, 90, 6, 'm'),
	('k146', 'Radoslaw', 'Gala', 10, 80, 100, 100, 'm'),
	('k147', 'Jan', 'Gawora', 22, 69, 100, 100, 'm'),
	('k148', 'Patryk', 'Dziedzic', 84, 100, 100, 74, 'm'),
	('k149', 'Kornel', 'Grzegorczyk', 100, 100, 26, 100, 'm'),
	('k150', 'Marcin', 'Weber', 14, 93, 100, 64, 'm'),
	('k151', 'Filip', 'Lach', 96, 90, 100, 100, 'm'),
	('k152', 'Jan', 'Peszek', 40, 100, 6, 71, 'm'),
	('k153', 'Wojciech', 'Dziedzic', 100, 69, 100, 68, 'm'),
	('k154', 'Norbert', 'Kogut', 55, 100, 100, 66, 'm'),
	('k155', 'Agnieszka', 'Kowalczyk', 64, 7, 100, 3, 'k'),
	('k156', 'Janusz', 'Jurczak', 100, 100, 98, 100, 'm'),
	('k157', 'Marek', 'Ochota', 4, 71, 64, 100, 'm'),
	('k158', 'Piotr', 'Borsuk', 45, 98, 19, 100, 'm'),
	('k159', 'Agata', 'Weber', 89, 21, 8, 100, 'k'),
	('k160', 'Wiktor', 'Marszalek', 27, 69, 46, 89, 'm'),
	('k161', 'Erwin', 'Dab', 33, 100, 100, 84, 'm'),
	('k162', 'Anita', 'Bak', 57, 100, 100, 28, 'k'),
	('k163', 'Kamila', 'Szlachta', 48, 100, 5, 65, 'k'),
	('k164', 'Maciej', 'Janczak', 3, 95, 42, 79, 'm'),
	('k165', 'Jan', 'Andrut', 43, 38, 21, 100, 'm'),
	('k166', 'Piotr', 'Piatkowiak', 32, 100, 100, 61, 'm'),
	('k167', 'Jakub', 'Major', 100, 25, 85, 75, 'm'),
	('k168', 'Agnieszka', 'Kaczmarek', 100, 25, 100, 21, 'k'),
	('k169', 'Katarzyna', 'Weber', 100, 100, 100, 100, 'k'),
	('k170', 'Piotr', 'Kosz', 100, 100, 58, 22, 'm'),
	('k171', 'Jan', 'Weber', 37, 100, 90, 22, 'm'),
	('k172', 'Piotr', 'Kozak', 51, 100, 2, 77, 'm'),
	('k173', 'Patryk', 'Drozd', 100, 92, 100, 100, 'm'),
	('k174', 'Rafal', 'Bogacki', 64, 47, 93, 80, 'm'),
	('k175', 'Maciej', 'Krolik', 100, 100, 64, 100, 'm'),
	('k176', 'Patryk', 'Borsuk', 61, 100, 7, 80, 'm'),
	('k177', 'Zofia', 'Mazur', 100, 3, 100, 73, 'k'),
	('k178', 'Piotr', 'Moskwa', 15, 88, 5, 2, 'm'),
	('k179', 'Krzysztof', 'Andrut', 99, 36, 74, 99, 'm'),
	('k180', 'Krzysztof', 'Peszek', 16, 100, 47, 100, 'm'),
	('k181', 'Marek', 'Lach', 100, 82, 100, 97, 'm'),
	('k182', 'Krystian', 'Dziedzic', 87, 100, 73, 53, 'm'),
	('k183', 'Jan', 'Salata', 39, 5, 100, 72, 'm'),
	('k184', 'Natalia', 'Golab', 68, 100, 100, 61, 'k'),
	('k185', 'Ewelina', 'Weber', 100, 6, 54, 100, 'k'),
	('k186', 'Konrad', 'Pietczak', 40, 91, 33, 100, 'm'),
	('k187', 'Andrzej', 'Kulig', 89, 37, 3, 30, 'm'),
	('k188', 'Michal', 'Andrut', 100, 100, 100, 15, 'm'),
	('k189', 'Dominik', 'Kaczmarek', 100, 100, 100, 100, 'm'),
	('k190', 'Ewelina', 'Rada', 35, 100, 43, 100, 'k'),
	('k191', 'Krzysztof', 'Ziomek', 100, 45, 61, 35, 'm'),
	('k192', 'Mateusz', 'Jez', 100, 10, 46, 90, 'm'),
	('k193', 'Agnieszka', 'Szpila', 25, 100, 100, 100, 'k'),
	('k194', 'Maciej', 'Socha', 57, 100, 28, 100, 'm'),
	('k195', 'Renata', 'Piatek', 100, 68, 100, 100, 'k'),
	('k196', 'Jacek', 'Ozog', 96, 100, 24, 100, 'm'),
	('k197', 'Grzegorz', 'Kogut', 17, 17, 26, 65, 'm'),
	('k198', 'Kamil', 'Bobiak', 100, 91, 0, 37, 'm'),
	('k199', 'Dorota', 'Drozd', 100, 63, 10, 61, 'k'),
	('k200', 'Natalia', 'Kiszka', 59, 100, 74, 100, 'k');
/*!40000 ALTER TABLE `kandydaci` ENABLE KEYS */;

-- Zrzut struktury tabela rekrutacja.zgloszenia
CREATE TABLE IF NOT EXISTS `zgloszenia` (
  `kierunek` varchar(20) DEFAULT NULL,
  `idosoby` char(4) DEFAULT NULL,
  `idzgloszenia` int NOT NULL AUTO_INCREMENT,
  PRIMARY KEY (`idzgloszenia`),
  KEY `idosoby` (`idosoby`),
  CONSTRAINT `zgloszenia_ibfk_1` FOREIGN KEY (`idosoby`) REFERENCES `kandydaci` (`idosoby`)
) ENGINE=InnoDB AUTO_INCREMENT=512 DEFAULT CHARSET=utf8mb4 COLLATE=utf8mb4_0900_ai_ci;

-- Zrzucanie danych dla tabeli rekrutacja.zgloszenia: ~0 rows (około)
/*!40000 ALTER TABLE `zgloszenia` DISABLE KEYS */;
INSERT INTO `zgloszenia` (`kierunek`, `idosoby`, `idzgloszenia`) VALUES
	('fizyka', 'k116', 1),
	('fizyka', 'k083', 2),
	('elektronika', 'k056', 3),
	('elektronika', 'k165', 4),
	('mechatronika', 'k085', 5),
	('informatyka', 'k075', 6),
	('mechatronika', 'k012', 7),
	('zarzadzanie', 'k188', 8),
	('telekomunikacja', 'k107', 9),
	('elektronika', 'k002', 10),
	('fizyka', 'k100', 11),
	('elektronika', 'k125', 12),
	('matematyka', 'k193', 13),
	('fizyka', 'k197', 14),
	('informatyka', 'k184', 15),
	('fizyka', 'k014', 16),
	('telekomunikacja', 'k156', 17),
	('mechatronika', 'k135', 18),
	('informatyka', 'k100', 19),
	('informatyka', 'k117', 20),
	('fizyka', 'k180', 21),
	('informatyka', 'k120', 22),
	('informatyka', 'k127', 23),
	('matematyka', 'k083', 24),
	('zarzadzanie', 'k107', 25),
	('mechatronika', 'k179', 26),
	('matematyka', 'k074', 27),
	('elektronika', 'k118', 28),
	('mechatronika', 'k053', 29),
	('elektronika', 'k042', 30),
	('elektronika', 'k018', 31),
	('informatyka', 'k154', 32),
	('matematyka', 'k046', 33),
	('elektronika', 'k091', 34),
	('mechatronika', 'k199', 35),
	('mechatronika', 'k039', 36),
	('zarzadzanie', 'k117', 37),
	('elektronika', 'k054', 38),
	('telekomunikacja', 'k065', 39),
	('matematyka', 'k019', 40),
	('fizyka', 'k002', 41),
	('informatyka', 'k020', 42),
	('mechatronika', 'k048', 43),
	('informatyka', 'k168', 44),
	('matematyka', 'k042', 45),
	('mechatronika', 'k094', 46),
	('informatyka', 'k052', 47),
	('informatyka', 'k009', 48),
	('elektronika', 'k099', 49),
	('informatyka', 'k183', 50),
	('zarzadzanie', 'k126', 51),
	('fizyka', 'k119', 52),
	('informatyka', 'k131', 53),
	('telekomunikacja', 'k146', 54),
	('telekomunikacja', 'k172', 55),
	('telekomunikacja', 'k114', 56),
	('mechatronika', 'k102', 57),
	('fizyka', 'k109', 58),
	('elektronika', 'k142', 59),
	('fizyka', 'k132', 60),
	('telekomunikacja', 'k180', 61),
	('matematyka', 'k029', 62),
	('matematyka', 'k098', 63),
	('elektronika', 'k175', 64),
	('mechatronika', 'k062', 65),
	('elektronika', 'k003', 66),
	('mechatronika', 'k107', 67),
	('mechatronika', 'k086', 68),
	('elektronika', 'k037', 69),
	('mechatronika', 'k139', 70),
	('informatyka', 'k079', 71),
	('elektronika', 'k035', 72),
	('informatyka', 'k057', 73),
	('zarzadzanie', 'k090', 74),
	('matematyka', 'k124', 75),
	('informatyka', 'k042', 76),
	('elektronika', 'k082', 77),
	('informatyka', 'k044', 78),
	('elektronika', 'k180', 79),
	('matematyka', 'k125', 80),
	('informatyka', 'k088', 81),
	('matematyka', 'k054', 82),
	('fizyka', 'k165', 83),
	('informatyka', 'k022', 84),
	('matematyka', 'k191', 85),
	('elektronika', 'k038', 86),
	('fizyka', 'k033', 87),
	('mechatronika', 'k004', 88),
	('telekomunikacja', 'k132', 89),
	('zarzadzanie', 'k180', 90),
	('elektronika', 'k046', 91),
	('elektronika', 'k132', 92),
	('fizyka', 'k191', 93),
	('telekomunikacja', 'k112', 94),
	('fizyka', 'k035', 95),
	('matematyka', 'k035', 96),
	('fizyka', 'k005', 97),
	('elektronika', 'k109', 98),
	('fizyka', 'k052', 99),
	('zarzadzanie', 'k162', 100),
	('zarzadzanie', 'k187', 101),
	('mechatronika', 'k097', 102),
	('mechatronika', 'k136', 103),
	('matematyka', 'k059', 104),
	('mechatronika', 'k168', 105),
	('fizyka', 'k030', 106),
	('mechatronika', 'k145', 107),
	('elektronika', 'k087', 108),
	('fizyka', 'k038', 109),
	('informatyka', 'k136', 110),
	('telekomunikacja', 'k081', 111),
	('mechatronika', 'k093', 112),
	('informatyka', 'k039', 113),
	('elektronika', 'k051', 114),
	('informatyka', 'k103', 115),
	('mechatronika', 'k110', 116),
	('informatyka', 'k142', 117),
	('elektronika', 'k041', 118),
	('matematyka', 'k076', 119),
	('zarzadzanie', 'k011', 120),
	('elektronika', 'k074', 121),
	('elektronika', 'k177', 122),
	('informatyka', 'k190', 123),
	('mechatronika', 'k125', 124),
	('matematyka', 'k183', 125),
	('informatyka', 'k018', 126),
	('zarzadzanie', 'k021', 127),
	('fizyka', 'k198', 128),
	('mechatronika', 'k101', 129),
	('zarzadzanie', 'k185', 130),
	('elektronika', 'k129', 131),
	('informatyka', 'k092', 132),
	('fizyka', 'k003', 133),
	('zarzadzanie', 'k175', 134),
	('matematyka', 'k033', 135),
	('matematyka', 'k048', 136),
	('zarzadzanie', 'k172', 137),
	('elektronika', 'k188', 138),
	('informatyka', 'k180', 139),
	('fizyka', 'k176', 140),
	('mechatronika', 'k188', 141),
	('fizyka', 'k106', 142),
	('matematyka', 'k063', 143),
	('matematyka', 'k166', 144),
	('fizyka', 'k147', 145),
	('matematyka', 'k036', 146),
	('informatyka', 'k085', 147),
	('elektronika', 'k143', 148),
	('fizyka', 'k069', 149),
	('fizyka', 'k039', 150),
	('elektronika', 'k139', 151),
	('matematyka', 'k130', 152),
	('fizyka', 'k136', 153),
	('informatyka', 'k053', 154),
	('fizyka', 'k043', 155),
	('informatyka', 'k147', 156),
	('telekomunikacja', 'k191', 157),
	('telekomunikacja', 'k084', 158),
	('informatyka', 'k014', 159),
	('zarzadzanie', 'k083', 160),
	('zarzadzanie', 'k035', 161),
	('telekomunikacja', 'k028', 162),
	('telekomunikacja', 'k039', 163),
	('fizyka', 'k183', 164),
	('elektronika', 'k026', 165),
	('telekomunikacja', 'k020', 166),
	('mechatronika', 'k160', 167),
	('elektronika', 'k161', 168),
	('informatyka', 'k024', 169),
	('fizyka', 'k173', 170),
	('telekomunikacja', 'k150', 171),
	('telekomunikacja', 'k072', 172),
	('matematyka', 'k199', 173),
	('zarzadzanie', 'k033', 174),
	('fizyka', 'k126', 175),
	('zarzadzanie', 'k046', 176),
	('zarzadzanie', 'k113', 177),
	('telekomunikacja', 'k149', 178),
	('zarzadzanie', 'k047', 179),
	('matematyka', 'k169', 180),
	('mechatronika', 'k164', 181),
	('mechatronika', 'k082', 182),
	('zarzadzanie', 'k069', 183),
	('elektronika', 'k086', 184),
	('matematyka', 'k003', 185),
	('zarzadzanie', 'k019', 186),
	('fizyka', 'k158', 187),
	('matematyka', 'k105', 188),
	('informatyka', 'k025', 189),
	('mechatronika', 'k034', 190),
	('telekomunikacja', 'k108', 191),
	('informatyka', 'k099', 192),
	('fizyka', 'k007', 193),
	('informatyka', 'k192', 194),
	('zarzadzanie', 'k013', 195),
	('zarzadzanie', 'k100', 196),
	('zarzadzanie', 'k153', 197),
	('informatyka', 'k005', 198),
	('matematyka', 'k044', 199),
	('elektronika', 'k166', 200),
	('zarzadzanie', 'k102', 201),
	('fizyka', 'k113', 202),
	('informatyka', 'k006', 203),
	('telekomunikacja', 'k089', 204),
	('matematyka', 'k119', 205),
	('zarzadzanie', 'k059', 206),
	('zarzadzanie', 'k119', 207),
	('matematyka', 'k085', 208),
	('telekomunikacja', 'k128', 209),
	('telekomunikacja', 'k074', 210),
	('matematyka', 'k025', 211),
	('telekomunikacja', 'k050', 212),
	('elektronika', 'k064', 213),
	('elektronika', 'k088', 214),
	('fizyka', 'k125', 215),
	('informatyka', 'k159', 216),
	('mechatronika', 'k103', 217),
	('informatyka', 'k065', 218),
	('fizyka', 'k159', 219),
	('mechatronika', 'k192', 220),
	('fizyka', 'k090', 221),
	('zarzadzanie', 'k109', 222),
	('zarzadzanie', 'k092', 223),
	('informatyka', 'k084', 224),
	('mechatronika', 'k191', 225),
	('mechatronika', 'k154', 226),
	('mechatronika', 'k121', 227),
	('fizyka', 'k137', 228),
	('elektronika', 'k101', 229),
	('fizyka', 'k140', 230),
	('matematyka', 'k050', 231),
	('telekomunikacja', 'k079', 232),
	('mechatronika', 'k022', 233),
	('zarzadzanie', 'k018', 234),
	('fizyka', 'k195', 235),
	('elektronika', 'k081', 236),
	('zarzadzanie', 'k052', 237),
	('zarzadzanie', 'k189', 238),
	('mechatronika', 'k019', 239),
	('mechatronika', 'k087', 240),
	('zarzadzanie', 'k148', 241),
	('zarzadzanie', 'k031', 242),
	('zarzadzanie', 'k073', 243),
	('matematyka', 'k156', 244),
	('zarzadzanie', 'k004', 245),
	('telekomunikacja', 'k022', 246),
	('telekomunikacja', 'k158', 247),
	('mechatronika', 'k190', 248),
	('matematyka', 'k132', 249),
	('informatyka', 'k124', 250),
	('matematyka', 'k064', 251),
	('zarzadzanie', 'k135', 252),
	('informatyka', 'k106', 253),
	('elektronika', 'k093', 254),
	('informatyka', 'k149', 255),
	('fizyka', 'k181', 256),
	('telekomunikacja', 'k198', 257),
	('informatyka', 'k188', 258),
	('fizyka', 'k117', 259),
	('zarzadzanie', 'k110', 260),
	('mechatronika', 'k134', 261),
	('telekomunikacja', 'k174', 262),
	('informatyka', 'k013', 263),
	('informatyka', 'k111', 264),
	('informatyka', 'k119', 265),
	('fizyka', 'k156', 266),
	('informatyka', 'k093', 267),
	('mechatronika', 'k178', 268),
	('telekomunikacja', 'k007', 269),
	('matematyka', 'k015', 270),
	('informatyka', 'k033', 271),
	('informatyka', 'k187', 272),
	('telekomunikacja', 'k033', 273),
	('matematyka', 'k097', 274),
	('informatyka', 'k146', 275),
	('mechatronika', 'k122', 276),
	('informatyka', 'k012', 277),
	('fizyka', 'k192', 278),
	('fizyka', 'k193', 279),
	('zarzadzanie', 'k044', 280),
	('informatyka', 'k148', 281),
	('fizyka', 'k042', 282),
	('fizyka', 'k177', 283),
	('zarzadzanie', 'k064', 284),
	('zarzadzanie', 'k101', 285),
	('zarzadzanie', 'k142', 286),
	('matematyka', 'k008', 287),
	('telekomunikacja', 'k122', 288),
	('informatyka', 'k087', 289),
	('mechatronika', 'k005', 290),
	('fizyka', 'k060', 291),
	('informatyka', 'k196', 292),
	('matematyka', 'k179', 293);
/*!40000 ALTER TABLE `zgloszenia` ENABLE KEYS */;

/*!40101 SET SQL_MODE=IFNULL(@OLD_SQL_MODE, '') */;
/*!40014 SET FOREIGN_KEY_CHECKS=IF(@OLD_FOREIGN_KEY_CHECKS IS NULL, 1, @OLD_FOREIGN_KEY_CHECKS) */;
/*!40101 SET CHARACTER_SET_CLIENT=@OLD_CHARACTER_SET_CLIENT */;
